key,year,state,state_po,special,candidate,party,writein,candidatevotes,totalvotes,Winner,Percent,Incumbent,Incumbent?
Arizona|2012,2012,Arizona,AZ,FALSE,Jeff Flake,republican,FALSE,1104457,2243422,W,0.492309071,Jon Kyl,
Arizona|2012,2012,Arizona,AZ,FALSE,Richard Carmona,democrat,FALSE,1036542,2243422,,0.462036122,Jon Kyl,
Arizona|2012,2012,Arizona,AZ,FALSE,Marc Victor,libertarian,FALSE,102109,2243422,,0.045514843,Jon Kyl,
Arizona|2012,2012,Arizona,AZ,FALSE,NA,NA,TRUE,290,2243422,,0.000129267,Jon Kyl,
Arizona|2012,2012,Arizona,AZ,FALSE,NA,NA,TRUE,24,2243422,,1.06979E-05,Jon Kyl,
California|2012,2012,California,CA,FALSE,Dianne Feinstein,democrat,FALSE,7864624,12578511,W,0.625242845,Dianne Feinstein,Incumbent
California|2012,2012,California,CA,FALSE,Elizabeth Emken,republican,FALSE,4713887,12578511,,0.374757155,Dianne Feinstein,
Connecticut|2012,2012,Connecticut,CT,FALSE,Christopher S. Murphy,democrat,FALSE,792983,1511764,W,0.524541529,Joseph I. Lieberman,
Connecticut|2012,2012,Connecticut,CT,FALSE,Linda E. McMahon,republican,FALSE,604569,1511764,,0.399909642,Joseph I. Lieberman,
Connecticut|2012,2012,Connecticut,CT,FALSE,Linda E. McMahon,independent,FALSE,46520,1511764,,0.030771999,Joseph I. Lieberman,
Connecticut|2012,2012,Connecticut,CT,FALSE,Christopher S. Murphy,working families,FALSE,35778,1511764,,0.023666392,Joseph I. Lieberman,
Connecticut|2012,2012,Connecticut,CT,FALSE,Paul Passarelli,libertarian,FALSE,25045,1511764,,0.016566739,Joseph I. Lieberman,
Connecticut|2012,2012,Connecticut,CT,FALSE,NA,NA,TRUE,6414,1511764,,0.004242726,Joseph I. Lieberman,
Connecticut|2012,2012,Connecticut,CT,FALSE,NA,NA,TRUE,388,1511764,,0.000256654,Joseph I. Lieberman,
Connecticut|2012,2012,Connecticut,CT,FALSE,NA,NA,TRUE,40,1511764,,2.64592E-05,Joseph I. Lieberman,
Connecticut|2012,2012,Connecticut,CT,FALSE,NA,NA,TRUE,19,1511764,,1.25681E-05,Joseph I. Lieberman,
Connecticut|2012,2012,Connecticut,CT,FALSE,NA,NA,TRUE,8,1511764,,5.29183E-06,Joseph I. Lieberman,
Delaware|2012,2012,Delaware,DE,FALSE,Thomas R. Carper,democrat,FALSE,265415,399606,W,0.664191729,Thomas R. Carper,Incumbent
Delaware|2012,2012,Delaware,DE,FALSE,Kevin Wade,republican,FALSE,115700,399606,,0.289535192,Thomas R. Carper,
Delaware|2012,2012,Delaware,DE,FALSE,Alexander Pires,independent,FALSE,15300,399606,,0.038287713,Thomas R. Carper,
Delaware|2012,2012,Delaware,DE,FALSE,Andrew Richard Groff,green,FALSE,3191,399606,,0.007985366,Thomas R. Carper,
Florida|2012,2012,Florida,FL,FALSE,Bill Nelson,democrat,FALSE,4523451,8189946,W,0.552317561,Bill Nelson,Incumbent
Florida|2012,2012,Florida,FL,FALSE,Connie Mack,republican,FALSE,3458267,8189946,,0.422257607,Bill Nelson,
Florida|2012,2012,Florida,FL,FALSE,Bill Gaylor,none,FALSE,126079,8189946,,0.015394363,Bill Nelson,
Florida|2012,2012,Florida,FL,FALSE,Chris Borgia,none,FALSE,82089,8189946,,0.010023143,Bill Nelson,
Florida|2012,2012,Florida,FL,FALSE,Naomi Craine,,TRUE,19,8189946,,2.31992E-06,Bill Nelson,
Florida|2012,2012,Florida,FL,FALSE,NA,NA,TRUE,18,8189946,,2.19782E-06,Bill Nelson,
Florida|2012,2012,Florida,FL,FALSE,NA,NA,TRUE,12,8189946,,1.46521E-06,Bill Nelson,
Florida|2012,2012,Florida,FL,FALSE,NA,NA,TRUE,9,8189946,,1.09891E-06,Bill Nelson,
Florida|2012,2012,Florida,FL,FALSE,NA,NA,TRUE,2,8189946,,2.44202E-07,Bill Nelson,
Hawaii|2012,2012,Hawaii,HI,FALSE,Mazie K. Hirono,democrat,FALSE,269489,437159,W,0.61645534,Daniel K. Akaka,
Hawaii|2012,2012,Hawaii,HI,FALSE,Linda Lingle,republican,FALSE,160994,437159,,0.368273328,Daniel K. Akaka,
Hawaii|2012,2012,Hawaii,HI,FALSE,Blank Vote,,FALSE,6599,437159,,0.015095194,Daniel K. Akaka,
Hawaii|2012,2012,Hawaii,HI,FALSE,Over Vote,,FALSE,77,437159,,0.000176137,Daniel K. Akaka,
Indiana|2012,2012,Indiana,IN,FALSE,Joe Donnelly,democrat,FALSE,1281181,2560102,W,0.500441389,Richard G. Lugar,
Indiana|2012,2012,Indiana,IN,FALSE,Richard E. Mourdock,republican,FALSE,1133621,2560102,,0.44280306,Richard G. Lugar,
Indiana|2012,2012,Indiana,IN,FALSE,Andrew ??Andy?? Horning,libertarian,FALSE,145282,2560102,,0.05674852,Richard G. Lugar,
Indiana|2012,2012,Indiana,IN,FALSE,NA,NA,TRUE,15,2560102,,5.85914E-06,Richard G. Lugar,
Indiana|2012,2012,Indiana,IN,FALSE,NA,NA,TRUE,3,2560102,,1.17183E-06,Richard G. Lugar,
Maine|2012,2012,Maine,ME,FALSE,Angus King,independent for Maine,FALSE,370580,724720,W,0.511342312,Olympia J. Snowe,
Maine|2012,2012,Maine,ME,FALSE,"Charles E. Summers, Jr.",republican,FALSE,215399,724720,,0.297216856,Olympia J. Snowe,
Maine|2012,2012,Maine,ME,FALSE,Cynthia Ann Dill,democrat,FALSE,92900,724720,,0.128187438,Olympia J. Snowe,
Maine|2012,2012,Maine,ME,FALSE,Blank Vote,,FALSE,24121,724720,,0.033283199,Olympia J. Snowe,
Maine|2012,2012,Maine,ME,FALSE,Stephen M. Woods,,FALSE,10289,724720,,0.014197207,Olympia J. Snowe,
Maine|2012,2012,Maine,ME,FALSE,Danny Francis Dalton,,FALSE,5807,724720,,0.00801275,Olympia J. Snowe,
Maine|2012,2012,Maine,ME,FALSE,Andrew Ian Dodge,Independent for Liberty,FALSE,5624,724720,,0.007760238,Olympia J. Snowe,
Maryland|2012,2012,Maryland,MD,FALSE,Benjamin L. Cardin,democrat,FALSE,1474028,2633234,W,0.559778584,Benjamin L. Cardin,Incumbent
Maryland|2012,2012,Maryland,MD,FALSE,Daniel John Bongino,republican,FALSE,693291,2633234,,0.263284995,Benjamin L. Cardin,
Maryland|2012,2012,Maryland,MD,FALSE,S. Rob Sobhani,none,FALSE,430934,2633234,,0.163651996,Benjamin L. Cardin,
Maryland|2012,2012,Maryland,MD,FALSE,Dean Ahmad,libertarian,FALSE,32252,2633234,,0.012248057,Benjamin L. Cardin,
Maryland|2012,2012,Maryland,MD,FALSE,NA,NA,TRUE,2346,2633234,,0.00089092,Benjamin L. Cardin,
Maryland|2012,2012,Maryland,MD,FALSE,NA,NA,TRUE,163,2633234,,6.19011E-05,Benjamin L. Cardin,
Maryland|2012,2012,Maryland,MD,FALSE,NA,NA,TRUE,151,2633234,,5.73439E-05,Benjamin L. Cardin,
Maryland|2012,2012,Maryland,MD,FALSE,NA,NA,TRUE,48,2633234,,1.82285E-05,Benjamin L. Cardin,
Maryland|2012,2012,Maryland,MD,FALSE,NA,NA,TRUE,21,2633234,,7.97498E-06,Benjamin L. Cardin,
Massachusetts|2012,2012,Massachusetts,MA,FALSE,Elizabeth A. Warren,democrat,FALSE,1696346,3184196,W,0.532739191,Scott P. Brown,
Massachusetts|2012,2012,Massachusetts,MA,FALSE,Scott P. Brown,republican,FALSE,1458048,3184196,,0.457901461,Scott P. Brown,Incumbent
Massachusetts|2012,2012,Massachusetts,MA,FALSE,Blank Vote/Scattering,,FALSE,27643,3184196,,0.008681312,Scott P. Brown,
Massachusetts|2012,2012,Massachusetts,MA,FALSE,Other,,FALSE,2159,3184196,,0.000678036,Scott P. Brown,
Michigan|2012,2012,Michigan,MI,FALSE,Debbie Stabenow,democrat,FALSE,2735826,4652918,W,0.587980704,Debbie Stabenow,Incumbent
Michigan|2012,2012,Michigan,MI,FALSE,Pete Hoekstra,republican,FALSE,1767386,4652918,,0.379844648,Debbie Stabenow,
Michigan|2012,2012,Michigan,MI,FALSE,Scotty Boman,libertarian,FALSE,84480,4652918,,0.018156348,Debbie Stabenow,
Michigan|2012,2012,Michigan,MI,FALSE,Harley Mikkelson,green,FALSE,27890,4652918,,0.005994088,Debbie Stabenow,
Michigan|2012,2012,Michigan,MI,FALSE,Richard A. Matkin,u.s. taxpayers,FALSE,26038,4652918,,0.005596058,Debbie Stabenow,
Michigan|2012,2012,Michigan,MI,FALSE,John D. Litle,natural law,FALSE,11229,4652918,,0.002413324,Debbie Stabenow,
Michigan|2012,2012,Michigan,MI,FALSE,NA,NA,TRUE,48,4652918,,1.03161E-05,Debbie Stabenow,
Michigan|2012,2012,Michigan,MI,FALSE,NA,NA,TRUE,10,4652918,,2.14919E-06,Debbie Stabenow,
Michigan|2012,2012,Michigan,MI,FALSE,NA,NA,TRUE,7,4652918,,1.50443E-06,Debbie Stabenow,
Michigan|2012,2012,Michigan,MI,FALSE,NA,NA,TRUE,4,4652918,,8.59676E-07,Debbie Stabenow,
Minnesota|2012,2012,Minnesota,MN,FALSE,Amy Klobuchar,democrat,FALSE,1854595,2843207,W,0.652289826,Amy Klobuchar,Incumbent
Minnesota|2012,2012,Minnesota,MN,FALSE,Kurt Bills,republican,FALSE,867974,2843207,,0.305279918,Amy Klobuchar,
Minnesota|2012,2012,Minnesota,MN,FALSE,Stephen Williams,independence,FALSE,73539,2843207,,0.025864807,Amy Klobuchar,
Minnesota|2012,2012,Minnesota,MN,FALSE,Tim Davis,grassroots party,FALSE,30531,2843207,,0.010738226,Amy Klobuchar,
Minnesota|2012,2012,Minnesota,MN,FALSE,Michael Cavlan,minnesota open progressives,FALSE,13986,2843207,,0.004919093,Amy Klobuchar,
Minnesota|2012,2012,Minnesota,MN,FALSE,NA,NA,TRUE,2582,2843207,,0.000908129,Amy Klobuchar,
Mississippi|2012,2012,Mississippi,MS,FALSE,Roger F. Wicker,republican,FALSE,709626,1241568,W,0.57155629,Trent Lott,
Mississippi|2012,2012,Mississippi,MS,FALSE,"Albert N. Gore, Jr.",democrat,FALSE,503467,1241568,,0.405509002,Trent Lott,
Mississippi|2012,2012,Mississippi,MS,FALSE,Thomas Cramer,constitution,FALSE,15281,1241568,,0.012307824,Trent Lott,
Mississippi|2012,2012,Mississippi,MS,FALSE,Shawn O'Hara,reform,FALSE,13194,1241568,,0.010626885,Trent Lott,
Missouri|2012,2012,Missouri,MO,FALSE,Claire McCaskill,democrat,FALSE,1494125,2725793,W,0.548143238,Claire McCaskill,Incumbent
Missouri|2012,2012,Missouri,MO,FALSE,W. Todd Akin,republican,FALSE,1066159,2725793,,0.391137185,Claire McCaskill,
Missouri|2012,2012,Missouri,MO,FALSE,Jonathan Dine,libertarian,FALSE,165468,2725793,,0.060704536,Claire McCaskill,
Missouri|2012,2012,Missouri,MO,FALSE,NA,NA,TRUE,15,2725793,,5.50299E-06,Claire McCaskill,
Missouri|2012,2012,Missouri,MO,FALSE,NA,NA,TRUE,9,2725793,,3.30179E-06,Claire McCaskill,
Missouri|2012,2012,Missouri,MO,FALSE,NA,NA,TRUE,6,2725793,,2.20119E-06,Claire McCaskill,
Missouri|2012,2012,Missouri,MO,FALSE,NA,NA,TRUE,5,2725793,,1.83433E-06,Claire McCaskill,
Missouri|2012,2012,Missouri,MO,FALSE,NA,NA,TRUE,4,2725793,,1.46746E-06,Claire McCaskill,
Missouri|2012,2012,Missouri,MO,FALSE,NA,NA,TRUE,2,2725793,,7.33731E-07,Claire McCaskill,
Montana|2012,2012,Montana,MT,FALSE,Jon Tester,democrat,FALSE,236123,486066,W,0.485783824,Jon Tester,Incumbent
Montana|2012,2012,Montana,MT,FALSE,Denny Rehberg,republican,FALSE,218051,486066,,0.448603688,Jon Tester,
Montana|2012,2012,Montana,MT,FALSE,Dan Cox,libertarian,FALSE,31892,486066,,0.065612489,Jon Tester,
Nebraska|2012,2012,Nebraska,NE,FALSE,Deb Fischer,republican,FALSE,455593,788572,W,0.577744328,E. Benjamin Nelson,
Nebraska|2012,2012,Nebraska,NE,FALSE,Bob Kerrey,democrat,FALSE,332979,788572,,0.422255672,E. Benjamin Nelson,
Nevada|2012,2012,Nevada,NV,FALSE,Dean Heller,republican,FALSE,457656,997805,W,0.458662765,John Ensign,
Nevada|2012,2012,Nevada,NV,FALSE,Shelley Berkley,democrat,FALSE,446080,997805,,0.4470613,John Ensign,
Nevada|2012,2012,Nevada,NV,FALSE,David Lory Vanderbeek,independent american,FALSE,48792,997805,,0.048899334,John Ensign,
Nevada|2012,2012,Nevada,NV,FALSE,Other,,FALSE,45277,997805,,0.045376602,John Ensign,
New Jersey|2012,2012,New Jersey,NJ,FALSE,Robert Menendez,democrat,FALSE,1987680,3376649,W,0.58865461,Robert Menendez,Incumbent
New Jersey|2012,2012,New Jersey,NJ,FALSE,Joe Kyrillos,republican,FALSE,1329534,3376649,,0.39374362,Robert Menendez,
New Jersey|2012,2012,New Jersey,NJ,FALSE,Kenneth R. Kaplan,libertarian,FALSE,16803,3376649,,0.004976235,Robert Menendez,
New Jersey|2012,2012,New Jersey,NJ,FALSE,Ken Wolski,green,FALSE,15801,3376649,,0.004679491,Robert Menendez,
New Jersey|2012,2012,New Jersey,NJ,FALSE,Gwen Diakos,jersey strong independents,FALSE,9359,3376649,,0.002771683,Robert Menendez,
New Jersey|2012,2012,New Jersey,NJ,FALSE,J. David Dranikoff,totally independent candidate,FALSE,3834,3376649,,0.001135445,Robert Menendez,
New Jersey|2012,2012,New Jersey,NJ,FALSE,Inder ??Andy?? Soni,america first,FALSE,3593,3376649,,0.001064073,Robert Menendez,
New Jersey|2012,2012,New Jersey,NJ,FALSE,Robert ??Turk?? Turkavage,responsibility fairness integrity,FALSE,3532,3376649,,0.001046007,Robert Menendez,
New Jersey|2012,2012,New Jersey,NJ,FALSE,Gregory Pason,socialist party usa,FALSE,2249,3376649,,0.000666045,Robert Menendez,
New Jersey|2012,2012,New Jersey,NJ,FALSE,Eugene Martin Lavergne,no slogan,FALSE,2198,3376649,,0.000650941,Robert Menendez,
New Jersey|2012,2012,New Jersey,NJ,FALSE,Daryl Mikell Brooks,reform nation,FALSE,2066,3376649,,0.000611849,Robert Menendez,
New Mexico|2012,2012,New Mexico,NM,FALSE,Martin Heinrich,democrat,FALSE,395717,775793,W,0.510080653,Jeff Bingaman,
New Mexico|2012,2012,New Mexico,NM,FALSE,Heather A. Wilson,republican,FALSE,351260,775793,,0.452775418,Jeff Bingaman,
New Mexico|2012,2012,New Mexico,NM,FALSE,Jon R. Barrie,independent american,FALSE,28199,775793,,0.036348614,Jeff Bingaman,
New Mexico|2012,2012,New Mexico,NM,FALSE,NA,NA,TRUE,617,775793,,0.000795315,Jeff Bingaman,
New York|2012,2012,New York,NY,FALSE,Kirsten E. Gillibrand,democrat,FALSE,4420043,7116628,W,0.6210867,Hillary Rodham Clinton,
New York|2012,2012,New York,NY,FALSE,Wendy Long,republican,FALSE,1514647,7116628,,0.212832117,Hillary Rodham Clinton,
New York|2012,2012,New York,NY,FALSE,Blank Vote/Void Vote/Scattering,,FALSE,455963,7116628,,0.06407009,Hillary Rodham Clinton,
New York|2012,2012,New York,NY,FALSE,Kirsten E. Gillibrand,working families,FALSE,250580,7116628,,0.035210496,Hillary Rodham Clinton,
New York|2012,2012,New York,NY,FALSE,Wendy Long,conservative,FALSE,240819,7116628,,0.033838919,Hillary Rodham Clinton,
New York|2012,2012,New York,NY,FALSE,Kirsten E. Gillibrand,independence,FALSE,138255,7116628,,0.019427038,Hillary Rodham Clinton,
New York|2012,2012,New York,NY,FALSE,Colia Clark,green,FALSE,42442,7116628,,0.005963779,Hillary Rodham Clinton,
New York|2012,2012,New York,NY,FALSE,Chris Edes,libertarian,FALSE,31894,7116628,,0.004481617,Hillary Rodham Clinton,
New York|2012,2012,New York,NY,FALSE,John Mangelli,common sense,FALSE,21985,7116628,,0.003089244,Hillary Rodham Clinton,
North Dakota|2012,2012,North Dakota,ND,FALSE,Heidi Heitkamp,democrat,FALSE,161337,321144,W,0.502382109,Kent Conrad,
North Dakota|2012,2012,North Dakota,ND,FALSE,Rick Berg,republican,FALSE,158401,321144,,0.493239793,Kent Conrad,
North Dakota|2012,2012,North Dakota,ND,FALSE,NA,NA,TRUE,1406,321144,,0.004378098,Kent Conrad,
Ohio|2012,2012,Ohio,OH,FALSE,Sherrod Brown,democrat,FALSE,2762690,5449018,W,0.507006951,Sherrod Brown,Incumbent
Ohio|2012,2012,Ohio,OH,FALSE,Josh Mandel,republican,FALSE,2435712,5449018,,0.447000175,Sherrod Brown,
Ohio|2012,2012,Ohio,OH,FALSE,Scott A. Rupert,independent,FALSE,250616,5449018,,0.045992874,Sherrod Brown,
Pennsylvania|2012,2012,Pennsylvania,PA,FALSE,"Robert P. Casey, Jr.",democrat,FALSE,3021364,5627422,W,0.5369002,"Bob Casey, Jr.",Incumbent
Pennsylvania|2012,2012,Pennsylvania,PA,FALSE,Tom Smith,republican,FALSE,2509132,5627422,,0.445875927,"Bob Casey, Jr.",
Pennsylvania|2012,2012,Pennsylvania,PA,FALSE,Rayburn Douglas Smith,libertarian,FALSE,96926,5627422,,0.017223873,"Bob Casey, Jr.",
Rhode Island|2012,2012,Rhode Island,RI,FALSE,Sheldon Whitehouse,democrat,FALSE,271034,418189,W,0.648113652,Sheldon Whitehouse,Incumbent
Rhode Island|2012,2012,Rhode Island,RI,FALSE,Benjamin Barrett Hinckley III,republican,FALSE,146222,418189,,0.349655299,Sheldon Whitehouse,
Rhode Island|2012,2012,Rhode Island,RI,FALSE,NA,NA,TRUE,933,418189,,0.002231049,Sheldon Whitehouse,
Tennessee|2012,2012,Tennessee,TN,FALSE,Bob Corker,republican,FALSE,1506443,2321477,W,0.648915755,Bob Corker,Incumbent
Tennessee|2012,2012,Tennessee,TN,FALSE,Mark E. Clayton,democrat,FALSE,705882,2321477,,0.304065903,Bob Corker,
Tennessee|2012,2012,Tennessee,TN,FALSE,Martin Pleasant,green,FALSE,38472,2321477,,0.016572208,Bob Corker,
Tennessee|2012,2012,Tennessee,TN,FALSE,Shaun E. Crowell,independent,FALSE,20936,2321477,,0.009018396,Bob Corker,
Tennessee|2012,2012,Tennessee,TN,FALSE,Kermit Steck,constitution,FALSE,18620,2321477,,0.008020756,Bob Corker,
Tennessee|2012,2012,Tennessee,TN,FALSE,James Higdon,independent,FALSE,8085,2321477,,0.003482697,Bob Corker,
Tennessee|2012,2012,Tennessee,TN,FALSE,Michel Joseph Long,independent,FALSE,8080,2321477,,0.003480543,Bob Corker,
Tennessee|2012,2012,Tennessee,TN,FALSE,Troy Stephen Scoggin,independent,FALSE,7148,2321477,,0.003079074,Bob Corker,
Tennessee|2012,2012,Tennessee,TN,FALSE,David Gatchell,independent,FALSE,6523,2321477,,0.002809849,Bob Corker,
Tennessee|2012,2012,Tennessee,TN,FALSE,NA,NA,TRUE,470,2321477,,0.000202457,Bob Corker,
Tennessee|2012,2012,Tennessee,TN,FALSE,NA,NA,TRUE,409,2321477,,0.000176181,Bob Corker,
Tennessee|2012,2012,Tennessee,TN,FALSE,NA,NA,TRUE,218,2321477,,9.39057E-05,Bob Corker,
Tennessee|2012,2012,Tennessee,TN,FALSE,NA,NA,TRUE,117,2321477,,5.03989E-05,Bob Corker,
Tennessee|2012,2012,Tennessee,TN,FALSE,NA,NA,TRUE,23,2321477,,9.90749E-06,Bob Corker,
Tennessee|2012,2012,Tennessee,TN,FALSE,NA,NA,TRUE,18,2321477,,7.75368E-06,Bob Corker,
Tennessee|2012,2012,Tennessee,TN,FALSE,NA,NA,TRUE,14,2321477,,6.03064E-06,Bob Corker,
Tennessee|2012,2012,Tennessee,TN,FALSE,NA,NA,TRUE,12,2321477,,5.16912E-06,Bob Corker,
Tennessee|2012,2012,Tennessee,TN,FALSE,NA,NA,TRUE,5,2321477,,2.1538E-06,Bob Corker,
Tennessee|2012,2012,Tennessee,TN,FALSE,NA,NA,TRUE,2,2321477,,8.6152E-07,Bob Corker,
Texas|2012,2012,Texas,TX,FALSE,Ted Cruz,republican,FALSE,4440137,7864822,W,0.564556579,Kay Bailey Hutchison,
Texas|2012,2012,Texas,TX,FALSE,Paul Sadler,democrat,FALSE,3194927,7864822,,0.406230046,Kay Bailey Hutchison,
Texas|2012,2012,Texas,TX,FALSE,John Jay Myers,libertarian,FALSE,162354,7864822,,0.020643061,Kay Bailey Hutchison,
Texas|2012,2012,Texas,TX,FALSE,David B. Collins,green,FALSE,67404,7864822,,0.008570315,Kay Bailey Hutchison,
Utah|2012,2012,Utah,UT,FALSE,Orrin G. Hatch,republican,FALSE,657608,1006901,W,0.65310095,Orrin G. Hatch,Incumbent
Utah|2012,2012,Utah,UT,FALSE,Scott Howell,democrat,FALSE,301873,1006901,,0.299804052,Orrin G. Hatch,
Utah|2012,2012,Utah,UT,FALSE,Shaun Lynn McCausland,constitution,FALSE,31905,1006901,,0.031686333,Orrin G. Hatch,
Utah|2012,2012,Utah,UT,FALSE,Daniel Geery,justice,FALSE,8342,1006901,,0.008284826,Orrin G. Hatch,
Utah|2012,2012,Utah,UT,FALSE,Bill Barron,none,FALSE,7172,1006901,,0.007122845,Orrin G. Hatch,
Utah|2012,2012,Utah,UT,FALSE,NA,NA,TRUE,1,1006901,,9.93146E-07,Orrin G. Hatch,
Vermont|2012,2012,Vermont,VT,FALSE,Bernard Sanders,independent,FALSE,207848,292762,W,0.709955527,Bernard Sanders,Incumbent
Vermont|2012,2012,Vermont,VT,FALSE,John MacGovern,republican,FALSE,72898,292762,,0.249000895,Bernard Sanders,
Vermont|2012,2012,Vermont,VT,FALSE,Chris Ericson,united states marijuana,FALSE,5924,292762,,0.020234867,Bernard Sanders,
Vermont|2012,2012,Vermont,VT,FALSE,Pete Diamondstone,liberty union,FALSE,2511,292762,,0.008576933,Bernard Sanders,
Vermont|2012,2012,Vermont,VT,FALSE,Peter Moss,peace and prosperity,FALSE,2452,292762,,0.008375404,Bernard Sanders,
Vermont|2012,2012,Vermont,VT,FALSE,Laurel Laframboise,votekiss,FALSE,877,292762,,0.002995607,Bernard Sanders,
Vermont|2012,2012,Vermont,VT,FALSE,NA,NA,TRUE,252,292762,,0.000860767,Bernard Sanders,
Virginia|2012,2012,Virginia,VA,FALSE,Timothy M. Kaine,democrat,FALSE,2010067,3802196,W,0.52865949,"James H. \Jim\"" Webb, Jr.""",
Virginia|2012,2012,Virginia,VA,FALSE,George F. Allen,republican,FALSE,1785542,3802196,,0.46960809,"James H. \Jim\"" Webb, Jr.""",
Virginia|2012,2012,Virginia,VA,FALSE,NA,NA,TRUE,6587,3802196,,0.00173242,"James H. \Jim\"" Webb, Jr.""",
Washington|2012,2012,Washington,WA,FALSE,Maria Cantwell,democrat,FALSE,1855493,3069417,W,0.604509912,Maria Cantwell,Incumbent
Washington|2012,2012,Washington,WA,FALSE,Michael Baumgartner,republican,FALSE,1213924,3069417,,0.395490088,Maria Cantwell,
West Virginia|2012,2012,West Virginia,WV,FALSE,Joe Manchin III,democrat,FALSE,399898,660202,W,0.605720673,Robert C. Byrd,
West Virginia|2012,2012,West Virginia,WV,FALSE,John R. Raese,republican,FALSE,240787,660202,,0.364717162,Robert C. Byrd,
West Virginia|2012,2012,West Virginia,WV,FALSE,Bob Henry Baber,mountain party,FALSE,19517,660202,,0.029562164,Robert C. Byrd,
Wisconsin|2012,2012,Wisconsin,WI,FALSE,Tammy Baldwin,democrat,FALSE,1547104,3009411,W,0.514088637,Herb Kohl,
Wisconsin|2012,2012,Wisconsin,WI,FALSE,Tommy G. Thompson,republican,FALSE,1380126,3009411,,0.458603361,Herb Kohl,
Wisconsin|2012,2012,Wisconsin,WI,FALSE,Joseph Kexel,libertarian,FALSE,62240,3009411,,0.020681788,Herb Kohl,
Wisconsin|2012,2012,Wisconsin,WI,FALSE,Nimrod Y. U. Allen III,i.d.e.a.,FALSE,16455,3009411,,0.005467847,Herb Kohl,
Wisconsin|2012,2012,Wisconsin,WI,FALSE,scatter,,FALSE,3373,3009411,,0.001120817,Herb Kohl,
Wisconsin|2012,2012,Wisconsin,WI,FALSE,NA,NA,TRUE,70,3009411,,2.32604E-05,Herb Kohl,
Wisconsin|2012,2012,Wisconsin,WI,FALSE,NA,NA,TRUE,43,3009411,,1.42885E-05,Herb Kohl,
Wyoming|2012,2012,Wyoming,WY,FALSE,John Barrasso,republican,FALSE,185250,250700,W,0.738930993,Craig Thomas,
Wyoming|2012,2012,Wyoming,WY,FALSE,Tim Chesnut,democrat,FALSE,53019,250700,,0.211483845,Craig Thomas,
Wyoming|2012,2012,Wyoming,WY,FALSE,Joel Otto,country party,FALSE,6176,250700,,0.024635022,Craig Thomas,
Wyoming|2012,2012,Wyoming,WY,FALSE,Blank Vote,,FALSE,5747,250700,,0.022923813,Craig Thomas,
Wyoming|2012,2012,Wyoming,WY,FALSE,NA,NA,TRUE,417,250700,,0.001663343,Craig Thomas,
Wyoming|2012,2012,Wyoming,WY,FALSE,Over Vote,,FALSE,91,250700,,0.000362984,Craig Thomas,
Alabama|2014,2014,Alabama,AL,FALSE,Jeff Sessions,republican,FALSE,795606,818090,W,0.972516471,Jeff Sessions,Incumbent
Alabama|2014,2014,Alabama,AL,FALSE,NA,NA,TRUE,22484,818090,,0.027483529,Jeff Sessions,
Alaska|2014,2014,Alaska,AK,FALSE,Dan Sullivan,republican,FALSE,135445,282400,W,0.479621105,Mark Begich,
Alaska|2014,2014,Alaska,AK,FALSE,Mark Begich,democrat,FALSE,129431,282400,,0.458325071,Mark Begich,Incumbent
Alaska|2014,2014,Alaska,AK,FALSE,Mark S. Fish,libertarian,FALSE,10512,282400,,0.037223796,Mark Begich,
Alaska|2014,2014,Alaska,AK,FALSE,Ted Gianoutsos,nonaffiliated,FALSE,5636,282400,,0.019957507,Mark Begich,
Alaska|2014,2014,Alaska,AK,FALSE,NA,NA,TRUE,1376,282400,,0.004872521,Mark Begich,
Arkansas|2014,2014,Arkansas,AR,FALSE,Tom Cotton,republican,FALSE,478819,847505,W,0.564974838,Mark L. Pryor,
Arkansas|2014,2014,Arkansas,AR,FALSE,Mark L. Pryor,democrat,FALSE,334174,847505,,0.394303278,Mark L. Pryor,Incumbent
Arkansas|2014,2014,Arkansas,AR,FALSE,Nathan LaFrance,libertarian,FALSE,17210,847505,,0.020306665,Mark L. Pryor,
Arkansas|2014,2014,Arkansas,AR,FALSE,Mark H. Swaney,green,FALSE,16797,847505,,0.019819352,Mark L. Pryor,
Arkansas|2014,2014,Arkansas,AR,FALSE,NA,NA,TRUE,505,847505,,0.000595867,Mark L. Pryor,
Colorado|2014,2014,Colorado,CO,FALSE,Cory Gardner,republican,FALSE,983891,2041058,W,0.482049506,Mark Udall,
Colorado|2014,2014,Colorado,CO,FALSE,Mark Udall,democrat,FALSE,944203,2041058,,0.462604688,Mark Udall,Incumbent
Colorado|2014,2014,Colorado,CO,FALSE,Gaylon Kent,libertarian,FALSE,52876,2041058,,0.025906172,Mark Udall,
Colorado|2014,2014,Colorado,CO,FALSE,Steve Shogan,unaffiliated,FALSE,29472,2041058,,0.01443957,Mark Udall,
Colorado|2014,2014,Colorado,CO,FALSE,Ra_l Acosta,unaffiliated,FALSE,24151,2041058,,0.011832589,Mark Udall,
Colorado|2014,2014,Colorado,CO,FALSE,Bill Hammons,unity party of colorado,FALSE,6427,2041058,,0.003148857,Mark Udall,
Colorado|2014,2014,Colorado,CO,FALSE,NA,NA,TRUE,21,2041058,,1.02888E-05,Mark Udall,
Colorado|2014,2014,Colorado,CO,FALSE,NA,NA,TRUE,17,2041058,,8.32901E-06,Mark Udall,
Delaware|2014,2014,Delaware,DE,FALSE,Christopher A. Coons,democrat,FALSE,130655,234038,W,0.558264043,Joseph R. Biden Jr.,
Delaware|2014,2014,Delaware,DE,FALSE,Kevin Wade,republican,FALSE,98823,234038,,0.422251942,Joseph R. Biden Jr.,
Delaware|2014,2014,Delaware,DE,FALSE,Andrew Groff,green,FALSE,4560,234038,,0.019484015,Joseph R. Biden Jr.,
Georgia|2014,2014,Georgia,GA,FALSE,David A. Perdue,republican,FALSE,1358088,2567805,W,0.528890628,Saxby Chambliss,
Georgia|2014,2014,Georgia,GA,FALSE,M. Michelle Nunn,democrat,FALSE,1160811,2567805,,0.452063533,Saxby Chambliss,
Georgia|2014,2014,Georgia,GA,FALSE,Amanda C. Swafford,libertarian,FALSE,48862,2567805,,0.019028704,Saxby Chambliss,
Georgia|2014,2014,Georgia,GA,FALSE,NA,NA,TRUE,21,2567805,,8.17819E-06,Saxby Chambliss,
Georgia|2014,2014,Georgia,GA,FALSE,NA,NA,TRUE,14,2567805,,5.45213E-06,Saxby Chambliss,
Georgia|2014,2014,Georgia,GA,FALSE,NA,NA,TRUE,9,2567805,,3.50494E-06,Saxby Chambliss,
Hawaii|2014,2014,Hawaii,HI,TRUE,Brian Schatz,democrat,FALSE,246827,369703,W,0.667635913,Daniel K. Inouye,
Hawaii|2014,2014,Hawaii,HI,TRUE,Cam Cavasso,republican,FALSE,98006,369703,,0.265093873,Daniel K. Inouye,
Hawaii|2014,2014,Hawaii,HI,TRUE,Blank Vote,,FALSE,15777,369703,,0.042674796,Daniel K. Inouye,
Hawaii|2014,2014,Hawaii,HI,TRUE,Michael Kokoski,libertarian,FALSE,8941,369703,,0.024184278,Daniel K. Inouye,
Hawaii|2014,2014,Hawaii,HI,TRUE,Over Vote,,FALSE,152,369703,,0.000411141,Daniel K. Inouye,
Idaho|2014,2014,Idaho,ID,FALSE,James E. Risch,republican,FALSE,285596,437170,W,0.65328362,Jim Risch,Incumbent
Idaho|2014,2014,Idaho,ID,FALSE,Nels Mitchell,democrat,FALSE,151574,437170,,0.34671638,Jim Risch,
Illinois|2014,2014,Illinois,IL,FALSE,Richard J. Durbin,democrat,FALSE,1929637,3603519,W,0.535486839,Richard J. Durbin,Incumbent
Illinois|2014,2014,Illinois,IL,FALSE,"James D. \Jim\"" Oberweis""",republican,FALSE,1538522,3603519,,0.426949879,Richard J. Durbin,
Illinois|2014,2014,Illinois,IL,FALSE,Sharon Hansen,libertarian,FALSE,135316,3603519,,0.037551072,Richard J. Durbin,
Illinois|2014,2014,Illinois,IL,FALSE,NA,NA,TRUE,31,3603519,,8.6027E-06,Richard J. Durbin,
Illinois|2014,2014,Illinois,IL,FALSE,NA,NA,TRUE,12,3603519,,3.33008E-06,Richard J. Durbin,
Illinois|2014,2014,Illinois,IL,FALSE,NA,NA,TRUE,1,3603519,,2.77507E-07,Richard J. Durbin,
Iowa|2014,2014,Iowa,IA,FALSE,Joni Ernst,republican,FALSE,588575,1129700,W,0.521001151,Tom Harkin,
Iowa|2014,2014,Iowa,IA,FALSE,Bruce Braley,democrat,FALSE,494370,1129700,,0.437611755,Tom Harkin,
Iowa|2014,2014,Iowa,IA,FALSE,Rick Stewart,independent,FALSE,26815,1129700,,0.02373639,Tom Harkin,
Iowa|2014,2014,Iowa,IA,FALSE,Douglas Butzier,libertarian,FALSE,8232,1129700,,0.00728689,Tom Harkin,
Iowa|2014,2014,Iowa,IA,FALSE,Bob Quast,bob quast for term limits,FALSE,5873,1129700,,0.005198725,Tom Harkin,
Iowa|2014,2014,Iowa,IA,FALSE,Ruth Smith,nominated by petition,FALSE,4724,1129700,,0.004181641,Tom Harkin,
Iowa|2014,2014,Iowa,IA,FALSE,NA,NA,TRUE,1111,1129700,,0.000983447,Tom Harkin,
Kansas|2014,2014,Kansas,KS,FALSE,Pat Roberts,republican,FALSE,460350,866191,W,0.531464769,Pat Roberts,Incumbent
Kansas|2014,2014,Kansas,KS,FALSE,Greg Orman,independent,FALSE,368372,866191,,0.425278028,Pat Roberts,
Kansas|2014,2014,Kansas,KS,FALSE,Randall Batson,libertarian,FALSE,37469,866191,,0.043257203,Pat Roberts,
Kentucky|2014,2014,Kentucky,KY,FALSE,Mich McConnell,republican,FALSE,806787,1435868,W,0.561881036,Mitch McConnell,Incumbent
Kentucky|2014,2014,Kentucky,KY,FALSE,Alison Lundergan Grimes,democrat,FALSE,584698,1435868,,0.407208741,Mitch McConnell,
Kentucky|2014,2014,Kentucky,KY,FALSE,David M. Patterson,libertarian,FALSE,44240,1435868,,0.030810632,Mitch McConnell,
Kentucky|2014,2014,Kentucky,KY,FALSE,Gregory D. Welch,,TRUE,64,1435868,,4.45723E-05,Mitch McConnell,
Kentucky|2014,2014,Kentucky,KY,FALSE,NA,NA,TRUE,53,1435868,,3.69115E-05,Mitch McConnell,
Kentucky|2014,2014,Kentucky,KY,FALSE,NA,NA,TRUE,17,1435868,,1.18395E-05,Mitch McConnell,
Kentucky|2014,2014,Kentucky,KY,FALSE,NA,NA,TRUE,9,1435868,,6.26799E-06,Mitch McConnell,
Louisiana|2014,2014,Louisiana,LA,FALSE,Bill Cassidy,republican,FALSE,1712379,3523183,W,0.486031807,Mary L. Landrieu,
Louisiana|2014,2014,Louisiana,LA,FALSE,Mary L. Landrieu,democrat,FALSE,1561210,3523183,,0.443124867,Mary L. Landrieu,Incumbent
Louisiana|2014,2014,Louisiana,LA,FALSE,"\Rob\"" Maness""",republican,FALSE,202556,3523183,,0.05749233,Mary L. Landrieu,
Louisiana|2014,2014,Louisiana,LA,FALSE,Thomas Clements,republican,FALSE,14173,3523183,,0.004022783,Mary L. Landrieu,
Louisiana|2014,2014,Louisiana,LA,FALSE,Brannon Lee McMorris,libertarian,FALSE,13034,3523183,,0.003699496,Mary L. Landrieu,
Louisiana|2014,2014,Louisiana,LA,FALSE,Wayne Ables,democrat,FALSE,11323,3523183,,0.003213855,Mary L. Landrieu,
Louisiana|2014,2014,Louisiana,LA,FALSE,William P. Waymire Jr.,democrat,FALSE,4673,3523183,,0.001326357,Mary L. Landrieu,
Louisiana|2014,2014,Louisiana,LA,FALSE,Vallian Senegal,democrat,FALSE,3835,3523183,,0.001088504,Mary L. Landrieu,
Maine|2014,2014,Maine,ME,FALSE,Susan M. Collins,republican,FALSE,413505,616996,W,0.670190731,Susan M. Collins,Incumbent
Maine|2014,2014,Maine,ME,FALSE,Shenna Bellows,democrat,FALSE,190254,616996,,0.308355322,Susan M. Collins,
Maine|2014,2014,Maine,ME,FALSE,Blank Vote,,FALSE,12968,616996,,0.021017964,Susan M. Collins,
Maine|2014,2014,Maine,ME,FALSE,Other,,FALSE,269,616996,,0.000435983,Susan M. Collins,
Massachusetts|2014,2014,Massachusetts,MA,FALSE,Edward J. Markey,democrat,FALSE,1289944,2186789,W,0.589880414,John F. Kerry,
Massachusetts|2014,2014,Massachusetts,MA,FALSE,Brian J. Herr,republican,FALSE,791950,2186789,,0.362151995,John F. Kerry,
Massachusetts|2014,2014,Massachusetts,MA,FALSE,Blank Vote,,FALSE,101817,2186789,,0.046560048,John F. Kerry,
Massachusetts|2014,2014,Massachusetts,MA,FALSE,Other,,FALSE,3072,2186789,,0.001404799,John F. Kerry,
Massachusetts|2014,2014,Massachusetts,MA,FALSE,NA,NA,TRUE,6,2186789,,2.74375E-06,John F. Kerry,
Michigan|2014,2014,Michigan,MI,FALSE,Gary C. Peters,democrat,FALSE,1704936,3121771,W,0.54614384,Carl Levin,
Michigan|2014,2014,Michigan,MI,FALSE,Terri Lynn Land,republican,FALSE,1290199,3121771,,0.413290725,Carl Levin,
Michigan|2014,2014,Michigan,MI,FALSE,Jim Fulner,libertarian,FALSE,62897,3121771,,0.020147858,Carl Levin,
Michigan|2014,2014,Michigan,MI,FALSE,Richard A. Matkin,u.s. taxpayers,FALSE,37529,3121771,,0.012021702,Carl Levin,
Michigan|2014,2014,Michigan,MI,FALSE,Chris Wahmhoff,green,FALSE,26137,3121771,,0.008372491,Carl Levin,
Michigan|2014,2014,Michigan,MI,FALSE,NA,NA,TRUE,67,3121771,,2.14622E-05,Carl Levin,
Michigan|2014,2014,Michigan,MI,FALSE,NA,NA,TRUE,6,3121771,,1.92199E-06,Carl Levin,
Minnesota|2014,2014,Minnesota,MN,FALSE,Al Franken,democrat,FALSE,1053205,1981528,W,0.531511541,Al Franken,Incumbent
Minnesota|2014,2014,Minnesota,MN,FALSE,Mike McFadden,republican,FALSE,850227,1981528,,0.42907645,Al Franken,
Minnesota|2014,2014,Minnesota,MN,FALSE,Steve Carlson,independence,FALSE,47530,1981528,,0.02398654,Al Franken,
Minnesota|2014,2014,Minnesota,MN,FALSE,Heather Johnson,libertarian,FALSE,29685,1981528,,0.014980863,Al Franken,
Minnesota|2014,2014,Minnesota,MN,FALSE,NA,NA,TRUE,881,1981528,,0.000444606,Al Franken,
Mississippi|2014,2014,Mississippi,MS,FALSE,Thad Cochran,republican,FALSE,378481,631858,W,0.598996927,Thad Cochran,Incumbent
Mississippi|2014,2014,Mississippi,MS,FALSE,Travis W. Childers,democrat,FALSE,239439,631858,,0.37894432,Thad Cochran,
Mississippi|2014,2014,Mississippi,MS,FALSE,Shawn O'Hara,reform,FALSE,13938,631858,,0.022058754,Thad Cochran,
Montana|2014,2014,Montana,MT,FALSE,Steve Daines,republican,FALSE,213709,369826,W,0.577863644,Max Baucus,
Montana|2014,2014,Montana,MT,FALSE,Amanda Curtis,democrat,FALSE,148184,369826,,0.400685728,Max Baucus,
Montana|2014,2014,Montana,MT,FALSE,Roger Roots,libertarian,FALSE,7933,369826,,0.021450628,Max Baucus,
Nebraska|2014,2014,Nebraska,NE,FALSE,Ben Sasse,republican,FALSE,347636,540337,W,0.643368861,Mike Johanns,
Nebraska|2014,2014,Nebraska,NE,FALSE,Dave Domina,democrat,FALSE,170127,540337,,0.314853508,Mike Johanns,
Nebraska|2014,2014,Nebraska,NE,FALSE,Jim Jenkins,by petition,FALSE,15868,540337,,0.029366858,Mike Johanns,
Nebraska|2014,2014,Nebraska,NE,FALSE,Todd F. Watson,by petition,FALSE,6260,540337,,0.011585362,Mike Johanns,
Nebraska|2014,2014,Nebraska,NE,FALSE,scatter,,TRUE,446,540337,,0.000825411,Mike Johanns,
New Hampshire|2014,2014,New Hampshire,NH,FALSE,Jeanne Shaheen,democrat,FALSE,251184,488159,W,0.51455366,Jeanne Shaheen,Incumbent
New Hampshire|2014,2014,New Hampshire,NH,FALSE,Scott P. Brown,republican,FALSE,235347,488159,,0.482111361,Jeanne Shaheen,
New Hampshire|2014,2014,New Hampshire,NH,FALSE,scatter,,FALSE,1628,488159,,0.003334979,Jeanne Shaheen,
New Jersey|2014,2014,New Jersey,NJ,FALSE,Cory A. Booker,democrat,FALSE,1043866,1869535,W,0.558355955,Frank R. Lautenberg,
New Jersey|2014,2014,New Jersey,NJ,FALSE,Jeff Bell,republican,FALSE,791297,1869535,,0.423258725,Frank R. Lautenberg,
New Jersey|2014,2014,New Jersey,NJ,FALSE,Joseph Baratelli,libertarian,FALSE,16721,1869535,,0.008943935,Frank R. Lautenberg,
New Jersey|2014,2014,New Jersey,NJ,FALSE,Hank Schroeder,economic growth,FALSE,5704,1869535,,0.003051026,Frank R. Lautenberg,
New Jersey|2014,2014,New Jersey,NJ,FALSE,Jeff Boss,independent,FALSE,4513,1869535,,0.002413969,Frank R. Lautenberg,
New Jersey|2014,2014,New Jersey,NJ,FALSE,Eugene Martin LaVergne,d-r party,FALSE,3890,1869535,,0.002080731,Frank R. Lautenberg,
New Jersey|2014,2014,New Jersey,NJ,FALSE,Antonio N. Sabas,independent,FALSE,3544,1869535,,0.001895659,Frank R. Lautenberg,
New Mexico|2014,2014,New Mexico,NM,FALSE,Tom Udall,democrat,FALSE,286409,515506,W,0.555588102,Tom Udall,Incumbent
New Mexico|2014,2014,New Mexico,NM,FALSE,Allen E. Weh,republican,FALSE,229097,515506,,0.444411898,Tom Udall,
North Carolina|2014,2014,North Carolina,NC,FALSE,Thom Tillis,republican,FALSE,1423259,2915281,W,0.488206454,Kay Hagan,
North Carolina|2014,2014,North Carolina,NC,FALSE,Kay R. Hagan,democrat,FALSE,1377651,2915281,,0.472561993,Kay Hagan,Incumbent
North Carolina|2014,2014,North Carolina,NC,FALSE,Sean Haugh,libertarian,FALSE,109100,2915281,,0.037423494,Kay Hagan,
North Carolina|2014,2014,North Carolina,NC,FALSE,NA,NA,TRUE,4307,2915281,,0.001477388,Kay Hagan,
North Carolina|2014,2014,North Carolina,NC,FALSE,John Rhodes,,TRUE,621,2915281,,0.000213015,Kay Hagan,
North Carolina|2014,2014,North Carolina,NC,FALSE,NA,NA,TRUE,201,2915281,,6.8947E-05,Kay Hagan,
North Carolina|2014,2014,North Carolina,NC,FALSE,NA,NA,TRUE,142,2915281,,4.87089E-05,Kay Hagan,
Oklahoma|2014,2014,Oklahoma,OK,FALSE,James M. Inhofe,republican,FALSE,558166,820733,W,0.680082317,James M. Inhofe,Incumbent
Oklahoma|2014,2014,Oklahoma,OK,TRUE,James Lankford,republican,FALSE,557002,820890,,0.678534274,James M. Inhofe,
Oklahoma|2014,2014,Oklahoma,OK,TRUE,Connie Johnson,democrat,FALSE,237923,820890,,0.289835423,James M. Inhofe,
Oklahoma|2014,2014,Oklahoma,OK,FALSE,Matt Silverstein,democrat,FALSE,234307,820733,,0.285485048,James M. Inhofe,
Oklahoma|2014,2014,Oklahoma,OK,TRUE,Mark T. Beard,independent,FALSE,25965,820890,,0.031630304,James M. Inhofe,
Oklahoma|2014,2014,Oklahoma,OK,FALSE,Joan Farr,independent,FALSE,10554,820733,,0.012859237,James M. Inhofe,
Oklahoma|2014,2014,Oklahoma,OK,FALSE,Ray Woods,independent,FALSE,9913,820733,,0.012078228,James M. Inhofe,
Oklahoma|2014,2014,Oklahoma,OK,FALSE,Aaron DeLozier,independent,FALSE,7793,820733,,0.009495171,James M. Inhofe,
Oregon|2014,2014,Oregon,OR,FALSE,Jeff Merkley,democrat,FALSE,814537,1461618,W,0.557284461,Jeff Merkley,Incumbent
Oregon|2014,2014,Oregon,OR,FALSE,Monica Wehby,republican,FALSE,538847,1461618,,0.368664726,Jeff Merkley,
Oregon|2014,2014,Oregon,OR,FALSE,Mike Montchalin,libertarian,FALSE,44916,1461618,,0.030730328,Jeff Merkley,
Oregon|2014,2014,Oregon,OR,FALSE,Christina Jean Lugo,green,FALSE,32434,1461618,,0.022190477,Jeff Merkley,
Oregon|2014,2014,Oregon,OR,FALSE,James E. Leuenberger,constitution,FALSE,24212,1461618,,0.016565204,Jeff Merkley,
Oregon|2014,2014,Oregon,OR,FALSE,Other,,FALSE,6672,1461618,,0.004564804,Jeff Merkley,
Rhode Island|2014,2014,Rhode Island,RI,FALSE,Jack Reed,democrat,FALSE,223675,316898,W,0.70582648,Jack Reed,Incumbent
Rhode Island|2014,2014,Rhode Island,RI,FALSE,Mark S. Zaccaria,republican,FALSE,92684,316898,,0.292472657,Jack Reed,
Rhode Island|2014,2014,Rhode Island,RI,FALSE,NA,NA,TRUE,539,316898,,0.001700863,Jack Reed,
South Carolina|2014,2014,South Carolina,SC,TRUE,Tim Scott,republican,FALSE,757215,1238982,W,0.611159,Lindsey Graham,
South Carolina|2014,2014,South Carolina,SC,FALSE,Lindsey Graham,republican,FALSE,672941,1240075,,0.542661533,Lindsey Graham,Incumbent
South Carolina|2014,2014,South Carolina,SC,TRUE,Joyce Dickerson,democrat,FALSE,459583,1238982,,0.370935978,Lindsey Graham,
South Carolina|2014,2014,South Carolina,SC,FALSE,Brad Hutto,democrat,FALSE,456726,1240075,,0.368305143,Lindsey Graham,
South Carolina|2014,2014,South Carolina,SC,FALSE,Thomas Ravenel,petition,FALSE,47588,1240075,,0.038375098,Lindsey Graham,
South Carolina|2014,2014,South Carolina,SC,FALSE,Victor Kocher,libertarian,FALSE,33839,1240075,,0.027287866,Lindsey Graham,
South Carolina|2014,2014,South Carolina,SC,FALSE,Brad Hutto,working families,FALSE,24207,1240075,,0.019520594,Lindsey Graham,
South Carolina|2014,2014,South Carolina,SC,TRUE,Jill Bossi,american,FALSE,21652,1238982,,0.017475637,Lindsey Graham,
South Carolina|2014,2014,South Carolina,SC,FALSE,NA,NA,TRUE,4774,1240075,,0.003849767,Lindsey Graham,
South Carolina|2014,2014,South Carolina,SC,TRUE,NA,NA,TRUE,532,1238982,,0.000429385,Lindsey Graham,
South Dakota|2014,2014,South Dakota,SD,FALSE,Mike Rounds,republican,FALSE,140741,279412,W,0.503704207,Tim Johnson,
South Dakota|2014,2014,South Dakota,SD,FALSE,Rick Weiland,democrat,FALSE,82456,279412,,0.295105436,Tim Johnson,
South Dakota|2014,2014,South Dakota,SD,FALSE,Larry Pressler,independent,FALSE,47741,279412,,0.170862382,Tim Johnson,
South Dakota|2014,2014,South Dakota,SD,FALSE,Gordon Howie,independent,FALSE,8474,279412,,0.030327974,Tim Johnson,
Tennessee|2014,2014,Tennessee,TN,FALSE,Lamar Alexander,republican,FALSE,850087,1374065,W,0.618665784,Lamar Alexander,Incumbent
Tennessee|2014,2014,Tennessee,TN,FALSE,Gordon Ball,democrat,FALSE,437848,1374065,,0.318651592,Lamar Alexander,
Tennessee|2014,2014,Tennessee,TN,FALSE,Joe Wilmoth,constitution,FALSE,36088,1374065,,0.026263677,Lamar Alexander,
Tennessee|2014,2014,Tennessee,TN,FALSE,Martin Pleasant,green,FALSE,12570,1374065,,0.009148039,Lamar Alexander,
Tennessee|2014,2014,Tennessee,TN,FALSE,Tom Emerson Jr.,independent,FALSE,11157,1374065,,0.008119703,Lamar Alexander,
Tennessee|2014,2014,Tennessee,TN,FALSE,Danny Page,independent,FALSE,7713,1374065,,0.005613272,Lamar Alexander,
Tennessee|2014,2014,Tennessee,TN,FALSE,Rick Tyler,independent,FALSE,5759,1374065,,0.004191214,Lamar Alexander,
Tennessee|2014,2014,Tennessee,TN,FALSE,Joshua James,independent,FALSE,5678,1374065,,0.004132264,Lamar Alexander,
Tennessee|2014,2014,Tennessee,TN,FALSE,Bartholomew J. Phillips,independent,FALSE,2386,1374065,,0.001736454,Lamar Alexander,
Tennessee|2014,2014,Tennessee,TN,FALSE,Edmund L. Gauthier,independent,FALSE,2314,1374065,,0.001684054,Lamar Alexander,
Tennessee|2014,2014,Tennessee,TN,FALSE,Eric Schechter,independent,FALSE,1673,1374065,,0.001217555,Lamar Alexander,
Tennessee|2014,2014,Tennessee,TN,FALSE,C. Salekin,independent,FALSE,787,1374065,,0.000572753,Lamar Alexander,
Tennessee|2014,2014,Tennessee,TN,FALSE,NA,NA,TRUE,5,1374065,,3.63884E-06,Lamar Alexander,
Texas|2014,2014,Texas,TX,FALSE,John Cornyn,republican,FALSE,2861531,4648358,W,0.615600391,John Cornyn,Incumbent
Texas|2014,2014,Texas,TX,FALSE,David M. Alameel,democrat,FALSE,1597387,4648358,,0.343645434,John Cornyn,
Texas|2014,2014,Texas,TX,FALSE,Rebecca Paddock,libertarian,FALSE,133751,4648358,,0.028773816,John Cornyn,
Texas|2014,2014,Texas,TX,FALSE,"Emily \Spicybrown\"" Sanchez""",green,FALSE,54701,4648358,,0.011767811,John Cornyn,
Texas|2014,2014,Texas,TX,FALSE,NA,NA,TRUE,988,4648358,,0.000212548,John Cornyn,
Virginia|2014,2014,Virginia,VA,FALSE,Mark R. Warner,democrat,FALSE,1073667,2184473,W,0.491499323,Mark R. Warner,Incumbent
Virginia|2014,2014,Virginia,VA,FALSE,Ed. W. Gillespie,republican,FALSE,1055940,2184473,,0.483384322,Mark R. Warner,
Virginia|2014,2014,Virginia,VA,FALSE,Robert C. Sarvis,libertarian,FALSE,53102,2184473,,0.024308838,Mark R. Warner,
Virginia|2014,2014,Virginia,VA,FALSE,NA,NA,TRUE,1764,2184473,,0.000807517,Mark R. Warner,
West Virginia|2014,2014,West Virginia,WV,FALSE,Shelley Moore Capito,republican,FALSE,281820,453689,W,0.621174417,John D. Rockefeller IV,
West Virginia|2014,2014,West Virginia,WV,FALSE,Natalie Tennant,democrat,FALSE,156360,453689,,0.344641373,John D. Rockefeller IV,
West Virginia|2014,2014,West Virginia,WV,FALSE,John S. Buckley,libertarian,FALSE,7409,453689,,0.01633057,John D. Rockefeller IV,
West Virginia|2014,2014,West Virginia,WV,FALSE,Bob Henry Baber,mountain,FALSE,5504,453689,,0.012131658,John D. Rockefeller IV,
West Virginia|2014,2014,West Virginia,WV,FALSE,Phil Hudok,constitution,FALSE,2566,453689,,0.005655857,John D. Rockefeller IV,
West Virginia|2014,2014,West Virginia,WV,FALSE,NA,NA,TRUE,10,453689,,2.20415E-05,John D. Rockefeller IV,
West Virginia|2014,2014,West Virginia,WV,FALSE,NA,NA,TRUE,8,453689,,1.76332E-05,John D. Rockefeller IV,
West Virginia|2014,2014,West Virginia,WV,FALSE,NA,NA,TRUE,7,453689,,1.54291E-05,John D. Rockefeller IV,
West Virginia|2014,2014,West Virginia,WV,FALSE,NA,NA,TRUE,5,453689,,1.10208E-05,John D. Rockefeller IV,
Wyoming|2014,2014,Wyoming,WY,FALSE,Michael B. Enzi,republican,FALSE,121554,171153,W,0.710206657,Michael B. Enzi,Incumbent
Wyoming|2014,2014,Wyoming,WY,FALSE,Charlie Hardy,democrat,FALSE,29377,171153,,0.171641747,Michael B. Enzi,
Wyoming|2014,2014,Wyoming,WY,FALSE,Curt Gottshall,independent,FALSE,13311,171153,,0.077772519,Michael B. Enzi,
Wyoming|2014,2014,Wyoming,WY,FALSE,Joseph S. Porambo,libertarian,FALSE,3677,171153,,0.021483702,Michael B. Enzi,
Wyoming|2014,2014,Wyoming,WY,FALSE,Blank Vote,,FALSE,2633,171153,,0.015383896,Michael B. Enzi,
Wyoming|2014,2014,Wyoming,WY,FALSE,NA,NA,TRUE,471,171153,,0.002751924,Michael B. Enzi,
Wyoming|2014,2014,Wyoming,WY,FALSE,Over Vote,,FALSE,130,171153,,0.000759554,Michael B. Enzi,
Alabama|2016,2016,Alabama,AL,FALSE,Richard C. Shelby,republican,FALSE,1335104,2087444,W,0.639587936,Richard C. Shelby,Incumbent
Alabama|2016,2016,Alabama,AL,FALSE,Ron Crumpton,democrat,FALSE,748709,2087444,,0.358672616,Richard C. Shelby,
Alabama|2016,2016,Alabama,AL,FALSE,NA,NA,TRUE,3631,2087444,,0.001739448,Richard C. Shelby,
Alaska|2016,2016,Alaska,AK,FALSE,Lisa Murkowski,republican,FALSE,138149,311441,W,0.443580004,Lisa Murkowski,Incumbent
Alaska|2016,2016,Alaska,AK,FALSE,Joe Miller,libertarian,FALSE,90825,311441,,0.29162827,Lisa Murkowski,
Alaska|2016,2016,Alaska,AK,FALSE,Margaret Stock,independent,FALSE,41194,311441,,0.132269033,Lisa Murkowski,
Alaska|2016,2016,Alaska,AK,FALSE,Ray Metcalfe,democrat,FALSE,36200,311441,,0.116233893,Lisa Murkowski,
Alaska|2016,2016,Alaska,AK,FALSE,Breck A. Craig,independent,FALSE,2609,311441,,0.008377189,Lisa Murkowski,
Alaska|2016,2016,Alaska,AK,FALSE,Ted Gianoutsos,independent,FALSE,1758,311441,,0.005644729,Lisa Murkowski,
Alaska|2016,2016,Alaska,AK,FALSE,NA,NA,TRUE,706,311441,,0.002266882,Lisa Murkowski,
Arizona|2016,2016,Arizona,AZ,FALSE,John McCain,republican,FALSE,1359267,2530730,W,0.537104709,John McCain,Incumbent
Arizona|2016,2016,Arizona,AZ,FALSE,Ann Kirkpatrick,democrat,FALSE,1031245,2530730,,0.407489143,John McCain,
Arizona|2016,2016,Arizona,AZ,FALSE,Gary Swing,green,FALSE,138634,2530730,,0.054780241,John McCain,
Arizona|2016,2016,Arizona,AZ,FALSE,NA,NA,TRUE,694,2530730,,0.000274229,John McCain,
Arizona|2016,2016,Arizona,AZ,FALSE,Sydney Dudikoff,republican,TRUE,494,2530730,,0.000195201,John McCain,
Arizona|2016,2016,Arizona,AZ,FALSE,NA,NA,TRUE,223,2530730,,8.81169E-05,John McCain,
Arizona|2016,2016,Arizona,AZ,FALSE,Leonard Clark,independent,TRUE,83,2530730,,3.27969E-05,John McCain,
Arizona|2016,2016,Arizona,AZ,FALSE,Anthony Camboni,none,TRUE,45,2530730,,1.77814E-05,John McCain,
Arizona|2016,2016,Arizona,AZ,FALSE,NA,NA,TRUE,34,2530730,,1.34349E-05,John McCain,
Arizona|2016,2016,Arizona,AZ,FALSE,NA,NA,TRUE,7,2530730,,2.766E-06,John McCain,
Arizona|2016,2016,Arizona,AZ,FALSE,NA,NA,TRUE,4,2530730,,1.58057E-06,John McCain,
Arkansas|2016,2016,Arkansas,AR,FALSE,John Boozman,republican,FALSE,661984,1107522,W,0.597716343,John Boozman,Incumbent
Arkansas|2016,2016,Arkansas,AR,FALSE,Conner Eldridge,democrat,FALSE,400602,1107522,,0.361710196,John Boozman,
Arkansas|2016,2016,Arkansas,AR,FALSE,Frank Gilbert,libertarian,FALSE,43866,1107522,,0.03960734,John Boozman,
Arkansas|2016,2016,Arkansas,AR,FALSE,NA,NA,TRUE,1070,1107522,,0.000966121,John Boozman,
California|2016,2016,California,CA,FALSE,Kamala D. Harris,democrat,FALSE,7542753,12244170,W,0.616028118,Barbara Boxer,
California|2016,2016,California,CA,FALSE,Loretta Sanchez,democrat,FALSE,4701417,12244170,,0.383971882,Barbara Boxer,
Colorado|2016,2016,Colorado,CO,FALSE,Michael F. Bennet,democrat,FALSE,1370710,2743023,W,0.499707804,Michael F. Bennet,Incumbent
Colorado|2016,2016,Colorado,CO,FALSE,Darryl Glenn,republican,FALSE,1215318,2743023,,0.443057896,Michael F. Bennet,
Colorado|2016,2016,Colorado,CO,FALSE,Lily Tang Williams,libertarian,FALSE,99277,2743023,,0.036192551,Michael F. Bennet,
Colorado|2016,2016,Colorado,CO,FALSE,Arn Menconi,green,FALSE,36805,2743023,,0.013417678,Michael F. Bennet,
Colorado|2016,2016,Colorado,CO,FALSE,Bill Hammons,unity party of colorado,FALSE,9336,2743023,,0.003403544,Michael F. Bennet,
Colorado|2016,2016,Colorado,CO,FALSE,Dan Chapin,none,FALSE,8361,2743023,,0.003048097,Michael F. Bennet,
Colorado|2016,2016,Colorado,CO,FALSE,Paul Noel Fiorino,none,FALSE,3216,2743023,,0.001172429,Michael F. Bennet,
Connecticut|2016,2016,Connecticut,CT,FALSE,Richard Blumenthal,democrat,FALSE,920766,1596276,W,0.576821302,Richard Blumenthal,Incumbent
Connecticut|2016,2016,Connecticut,CT,FALSE,Dan Carter,republican,FALSE,552621,1596276,,0.346193891,Richard Blumenthal,
Connecticut|2016,2016,Connecticut,CT,FALSE,Richard Blumenthal,working families,FALSE,87948,1596276,,0.055095735,Richard Blumenthal,Incumbent
Connecticut|2016,2016,Connecticut,CT,FALSE,Richard Lion,libertarian,FALSE,18190,1596276,,0.011395272,Richard Blumenthal,
Connecticut|2016,2016,Connecticut,CT,FALSE,Jeffery Russell,green,FALSE,16713,1596276,,0.010469994,Richard Blumenthal,
Connecticut|2016,2016,Connecticut,CT,FALSE,NA,NA,TRUE,26,1596276,,1.62879E-05,Richard Blumenthal,
Connecticut|2016,2016,Connecticut,CT,FALSE,NA,NA,TRUE,12,1596276,,7.5175E-06,Richard Blumenthal,
Florida|2016,2016,Florida,FL,FALSE,Marco Rubio,republican,FALSE,4835191,9301820,W,0.519811284,Marco Rubio,Incumbent
Florida|2016,2016,Florida,FL,FALSE,Patrick Murphy,democrat,FALSE,4122088,9301820,,0.443148545,Marco Rubio,
Florida|2016,2016,Florida,FL,FALSE,Paul Stanton,libertarian,FALSE,196956,9301820,,0.021173921,Marco Rubio,
Florida|2016,2016,Florida,FL,FALSE,Bruce Nathan,none,FALSE,52451,9301820,,0.005638789,Marco Rubio,
Florida|2016,2016,Florida,FL,FALSE,Tony Khoury,none,FALSE,45820,9301820,,0.004925918,Marco Rubio,
Florida|2016,2016,Florida,FL,FALSE,Steven Machat,none,FALSE,26918,9301820,,0.002893842,Marco Rubio,
Florida|2016,2016,Florida,FL,FALSE,Basil E. Dalack,none,FALSE,22236,9301820,,0.0023905,Marco Rubio,
Florida|2016,2016,Florida,FL,FALSE,Charles Frederick Tolbert,,TRUE,56,9301820,,6.02033E-06,Marco Rubio,
Florida|2016,2016,Florida,FL,FALSE,NA,NA,TRUE,50,9301820,,5.37529E-06,Marco Rubio,
Florida|2016,2016,Florida,FL,FALSE,NA,NA,TRUE,37,9301820,,3.97772E-06,Marco Rubio,
Florida|2016,2016,Florida,FL,FALSE,NA,NA,TRUE,10,9301820,,1.07506E-06,Marco Rubio,
Florida|2016,2016,Florida,FL,FALSE,NA,NA,TRUE,7,9301820,,7.52541E-07,Marco Rubio,
Georgia|2016,2016,Georgia,GA,FALSE,Johnny Isakson,republican,FALSE,2135806,3898605,W,0.547838522,Johnny Isakson,Incumbent
Georgia|2016,2016,Georgia,GA,FALSE,Jim Barksdale,democrat,FALSE,1599726,3898605,,0.410332927,Johnny Isakson,
Georgia|2016,2016,Georgia,GA,FALSE,Allen Buckley,libertarian,FALSE,162260,3898605,,0.041620015,Johnny Isakson,
Georgia|2016,2016,Georgia,GA,FALSE,NA,NA,TRUE,813,3898605,,0.000208536,Johnny Isakson,
Hawaii|2016,2016,Hawaii,HI,FALSE,Brian Schatz,democrat,FALSE,306604,437664,W,0.700546538,Brian Schatz,Incumbent
Hawaii|2016,2016,Hawaii,HI,FALSE,John Carroll,republican,FALSE,92653,437664,,0.211698929,Brian Schatz,
Hawaii|2016,2016,Hawaii,HI,FALSE,Blank Vote,,FALSE,20763,437664,,0.047440502,Brian Schatz,
Hawaii|2016,2016,Hawaii,HI,FALSE,Joy J. Allison,constitution,FALSE,9103,437664,,0.02079906,Brian Schatz,
Hawaii|2016,2016,Hawaii,HI,FALSE,Michael A. Kokoski,libertarian,FALSE,6809,437664,,0.015557597,Brian Schatz,
Hawaii|2016,2016,Hawaii,HI,FALSE,"John M. \Raghu\"" Giuffre""",american shopping party,FALSE,1393,437664,,0.003182807,Brian Schatz,
Hawaii|2016,2016,Hawaii,HI,FALSE,Over Vote,,FALSE,339,437664,,0.000774567,Brian Schatz,
Idaho|2016,2016,Idaho,ID,FALSE,Mike Crapo,republican,FALSE,449017,678943,W,0.661347123,Mike Crapo,Incumbent
Idaho|2016,2016,Idaho,ID,FALSE,Jerry Sturgill,democrat,FALSE,188249,678943,,0.277267753,Mike Crapo,
Idaho|2016,2016,Idaho,ID,FALSE,Ray J. Writz,constitution,FALSE,41677,678943,,0.061385124,Mike Crapo,
Illinois|2016,2016,Illinois,IL,FALSE,Tammy Duckworth,democrat,FALSE,3012940,5491878,W,0.548617431,Mark Steven Kirk,
Illinois|2016,2016,Illinois,IL,FALSE,Mark Kirk,republican,FALSE,2184692,5491878,,0.397804176,Mark Steven Kirk,Incumbent
Illinois|2016,2016,Illinois,IL,FALSE,Kenton McMillen,libertarian,FALSE,175988,5491878,,0.03204514,Mark Steven Kirk,
Illinois|2016,2016,Illinois,IL,FALSE,Scott Summers,green,FALSE,117619,5491878,,0.0214169,Mark Steven Kirk,
Illinois|2016,2016,Illinois,IL,FALSE,NA,NA,TRUE,408,5491878,,7.42915E-05,Mark Steven Kirk,
Illinois|2016,2016,Illinois,IL,FALSE,NA,NA,TRUE,106,5491878,,1.93012E-05,Mark Steven Kirk,
Illinois|2016,2016,Illinois,IL,FALSE,NA,NA,TRUE,77,5491878,,1.40207E-05,Mark Steven Kirk,
Illinois|2016,2016,Illinois,IL,FALSE,NA,NA,TRUE,42,5491878,,7.64766E-06,Mark Steven Kirk,
Illinois|2016,2016,Illinois,IL,FALSE,NA,NA,TRUE,5,5491878,,9.10435E-07,Mark Steven Kirk,
Illinois|2016,2016,Illinois,IL,FALSE,NA,NA,TRUE,1,5491878,,1.82087E-07,Mark Steven Kirk,
Indiana|2016,2016,Indiana,IN,FALSE,Todd C. Young,republican,FALSE,1423991,2732546,W,0.521122426,Dan Coats,
Indiana|2016,2016,Indiana,IN,FALSE,Evan Bayh,democrat,FALSE,1158947,2732546,,0.424127169,Dan Coats,
Indiana|2016,2016,Indiana,IN,FALSE,Lucy Brenton,libertarian,FALSE,149481,2732546,,0.054703928,Dan Coats,
Indiana|2016,2016,Indiana,IN,FALSE,NA,NA,TRUE,127,2732546,,4.64768E-05,Dan Coats,
Iowa|2016,2016,Iowa,IA,FALSE,Chuck Grassley,republican,FALSE,926007,1541036,W,0.600899006,Chuck Grassley,Incumbent
Iowa|2016,2016,Iowa,IA,FALSE,Patty Judge,democrat,FALSE,549460,1541036,,0.356552345,Chuck Grassley,
Iowa|2016,2016,Iowa,IA,FALSE,Charles Aldrich,libertarian,FALSE,41794,1541036,,0.027120716,Chuck Grassley,
Iowa|2016,2016,Iowa,IA,FALSE,Jim Hennager,new independent party iowa,FALSE,17649,1541036,,0.011452685,Chuck Grassley,
Iowa|2016,2016,Iowa,IA,FALSE,Michael Luick-Thrams,nominated by petition,FALSE,4441,1541036,,0.002881828,Chuck Grassley,
Iowa|2016,2016,Iowa,IA,FALSE,NA,NA,TRUE,1685,1541036,,0.00109342,Chuck Grassley,
Kansas|2016,2016,Kansas,KS,FALSE,Jerry Moran,republican,FALSE,732376,1177922,W,0.621752544,Jerry Moran,Incumbent
Kansas|2016,2016,Kansas,KS,FALSE,Patrick Wiesner,democrat,FALSE,379740,1177922,,0.322381278,Jerry Moran,
Kansas|2016,2016,Kansas,KS,FALSE,Robert D. Garrard,libertarian,FALSE,65760,1177922,,0.055827126,Jerry Moran,
Kansas|2016,2016,Kansas,KS,FALSE,NA,NA,TRUE,46,1177922,,3.90518E-05,Jerry Moran,
Kentucky|2016,2016,Kentucky,KY,FALSE,Rand Paul,republican,FALSE,1090177,1903465,W,0.572732885,Rand Paul,Incumbent
Kentucky|2016,2016,Kentucky,KY,FALSE,Jim Gray,democrat,FALSE,813246,1903465,,0.42724505,Rand Paul,
Kentucky|2016,2016,Kentucky,KY,FALSE,NA,NA,TRUE,36,1903465,,1.89129E-05,Rand Paul,
Kentucky|2016,2016,Kentucky,KY,FALSE,NA,NA,TRUE,6,1903465,,3.15215E-06,Rand Paul,
Louisiana|2016,2016,Louisiana,LA,FALSE,John Kennedy,republican,FALSE,536191,1997218,W,0.26846894,David Vitter,
Louisiana|2016,2016,Louisiana,LA,FALSE,Foster Campbell,democrat,FALSE,347816,1997218,,0.174150243,David Vitter,
Louisiana|2016,2016,Louisiana,LA,FALSE,"Charles W. Boustany, Jr.",republican,FALSE,298008,1997218,,0.149211553,David Vitter,
Louisiana|2016,2016,Louisiana,LA,FALSE,Caroline Fayard,democrat,FALSE,240917,1997218,,0.120626291,David Vitter,
Louisiana|2016,2016,Louisiana,LA,FALSE,John Fleming,republican,FALSE,204026,1997218,,0.102155098,David Vitter,
Louisiana|2016,2016,Louisiana,LA,FALSE,"\Rob\"" Maness""",republican,FALSE,90856,1997218,,0.045491278,David Vitter,
Louisiana|2016,2016,Louisiana,LA,FALSE,David Duke,republican,FALSE,58606,1997218,,0.029343817,David Vitter,
Louisiana|2016,2016,Louisiana,LA,FALSE,Derrick Edwards,democrat,FALSE,51774,1997218,,0.025923059,David Vitter,
Louisiana|2016,2016,Louisiana,LA,FALSE,Gary Landrieu,democrat,FALSE,45587,1997218,,0.02282525,David Vitter,
Louisiana|2016,2016,Louisiana,LA,FALSE,"Donald \Crawdaddy\"" Crawford""",republican,FALSE,25523,1997218,,0.012779276,David Vitter,
Louisiana|2016,2016,Louisiana,LA,FALSE,"\Joseph\"" Cao""",republican,FALSE,21019,1997218,,0.010524139,David Vitter,
Louisiana|2016,2016,Louisiana,LA,FALSE,Beryl Billiot,none,FALSE,19352,1997218,,0.009689478,David Vitter,
Louisiana|2016,2016,Louisiana,LA,FALSE,Thomas P. Clements,libertarian,FALSE,11370,1997218,,0.005692919,David Vitter,
Louisiana|2016,2016,Louisiana,LA,FALSE,Troy Hebert,none,FALSE,9503,1997218,,0.004758119,David Vitter,
Louisiana|2016,2016,Louisiana,LA,FALSE,Joshua Pellerin,democrat,FALSE,7395,1997218,,0.00370265,David Vitter,
Louisiana|2016,2016,Louisiana,LA,FALSE,Peter Williams,democrat,FALSE,6855,1997218,,0.003432274,David Vitter,
Louisiana|2016,2016,Louisiana,LA,FALSE,"M. V. \Vinny\""Mendoza""",democrat,FALSE,4927,1997218,,0.002466932,David Vitter,
Louisiana|2016,2016,Louisiana,LA,FALSE,Kaitlin Marone,none,FALSE,4108,1997218,,0.002056861,David Vitter,
Louisiana|2016,2016,Louisiana,LA,FALSE,LeRoy Gillam,libertarian,FALSE,4067,1997218,,0.002036333,David Vitter,
Louisiana|2016,2016,Louisiana,LA,FALSE,Charles Marsala,republican,FALSE,3684,1997218,,0.001844566,David Vitter,
Louisiana|2016,2016,Louisiana,LA,FALSE,Abhay Patel,republican,FALSE,1576,1997218,,0.000789098,David Vitter,
Louisiana|2016,2016,Louisiana,LA,FALSE,Arden Wells,none,FALSE,1483,1997218,,0.000742533,David Vitter,
Louisiana|2016,2016,Louisiana,LA,FALSE,"William Robert Lang, Jr.",other,FALSE,1424,1997218,,0.000712992,David Vitter,
Louisiana|2016,2016,Louisiana,LA,FALSE,"Gregory Taylor, Jr.",other,FALSE,1151,1997218,,0.000576302,David Vitter,
Maryland|2016,2016,Maryland,MD,FALSE,Chris Van Hollen,democrat,FALSE,1659907,2726170,W,0.608878757,Barbara Mikulski,
Maryland|2016,2016,Maryland,MD,FALSE,Kathy Szeliga,republican,FALSE,972557,2726170,,0.356748479,Barbara Mikulski,
Maryland|2016,2016,Maryland,MD,FALSE,Margaret Flowers,green,FALSE,89970,2726170,,0.033002344,Barbara Mikulski,
Maryland|2016,2016,Maryland,MD,FALSE,NA,NA,TRUE,3231,2726170,,0.001185179,Barbara Mikulski,
Maryland|2016,2016,Maryland,MD,FALSE,NA,NA,TRUE,242,2726170,,8.87692E-05,Barbara Mikulski,
Maryland|2016,2016,Maryland,MD,FALSE,NA,NA,TRUE,138,2726170,,5.06205E-05,Barbara Mikulski,
Maryland|2016,2016,Maryland,MD,FALSE,NA,NA,TRUE,77,2726170,,2.82448E-05,Barbara Mikulski,
Maryland|2016,2016,Maryland,MD,FALSE,NA,NA,TRUE,26,2726170,,9.53719E-06,Barbara Mikulski,
Maryland|2016,2016,Maryland,MD,FALSE,NA,NA,TRUE,15,2726170,,5.50222E-06,Barbara Mikulski,
Maryland|2016,2016,Maryland,MD,FALSE,NA,NA,TRUE,7,2726170,,2.5677E-06,Barbara Mikulski,
Missouri|2016,2016,Missouri,MO,FALSE,Roy Blunt,republican,FALSE,1378458,2802641,W,0.491842516,Roy Blunt,Incumbent
Missouri|2016,2016,Missouri,MO,FALSE,Jason Kander,democrat,FALSE,1300200,2802641,,0.463919567,Roy Blunt,
Missouri|2016,2016,Missouri,MO,FALSE,Jonathan Dine,libertarian,FALSE,67738,2802641,,0.024169346,Roy Blunt,
Missouri|2016,2016,Missouri,MO,FALSE,Johnathan McFarland,green,FALSE,30743,2802641,,0.010969296,Roy Blunt,
Missouri|2016,2016,Missouri,MO,FALSE,Fred Ryman,constitution,FALSE,25407,2802641,,0.009065378,Roy Blunt,
Missouri|2016,2016,Missouri,MO,FALSE,NA,NA,TRUE,53,2802641,,1.89107E-05,Roy Blunt,
Missouri|2016,2016,Missouri,MO,FALSE,NA,NA,TRUE,21,2802641,,7.49293E-06,Roy Blunt,
Missouri|2016,2016,Missouri,MO,FALSE,NA,NA,TRUE,12,2802641,,4.28168E-06,Roy Blunt,
Missouri|2016,2016,Missouri,MO,FALSE,NA,NA,TRUE,4,2802641,,1.42723E-06,Roy Blunt,
Missouri|2016,2016,Missouri,MO,FALSE,NA,NA,TRUE,4,2802641,,1.42723E-06,Roy Blunt,
Missouri|2016,2016,Missouri,MO,FALSE,Steven Wallace,,TRUE,1,2802641,,3.56806E-07,Roy Blunt,
Nevada|2016,2016,Nevada,NV,FALSE,Catherine Cortez Masto,democrat,FALSE,521994,1108294,W,0.470988745,Harry Reid,
Nevada|2016,2016,Nevada,NV,FALSE,Joseph J. Heck,republican,FALSE,495079,1108294,,0.446703672,Harry Reid,
Nevada|2016,2016,Nevada,NV,FALSE,none of the above,,FALSE,42257,1108294,,0.03812797,Harry Reid,
Nevada|2016,2016,Nevada,NV,FALSE,Tom Jones,independent american,FALSE,17128,1108294,,0.015454383,Harry Reid,
Nevada|2016,2016,Nevada,NV,FALSE,"Thomas \Tom\"" Sawyer""",none,FALSE,14208,1108294,,0.012819703,Harry Reid,
Nevada|2016,2016,Nevada,NV,FALSE,Tony Gumina,none,FALSE,10740,1108294,,0.009690569,Harry Reid,
Nevada|2016,2016,Nevada,NV,FALSE,Jarrod M. Williams,none,FALSE,6888,1108294,,0.006214957,Harry Reid,
New Hampshire|2016,2016,New Hampshire,NH,FALSE,Maggie Hassan,democrat,FALSE,354649,739140,W,0.479813026,Kelly Ayotte,
New Hampshire|2016,2016,New Hampshire,NH,FALSE,Kelly Ayotte,republican,FALSE,353632,739140,,0.478437103,Kelly Ayotte,Incumbent
New Hampshire|2016,2016,New Hampshire,NH,FALSE,Aaron Day,independent,FALSE,17742,739140,,0.024003572,Kelly Ayotte,
New Hampshire|2016,2016,New Hampshire,NH,FALSE,Brian Chabot,libertarian,FALSE,12597,739140,,0.017042779,Kelly Ayotte,
New Hampshire|2016,2016,New Hampshire,NH,FALSE,scatter,,FALSE,520,739140,,0.00070352,Kelly Ayotte,
New York|2016,2016,New York,NY,FALSE,Charles E. Schumer,democrat,FALSE,4784220,7800725,W,0.613304533,Charles E. Schumer,Incumbent
New York|2016,2016,New York,NY,FALSE,Wendy Long,republican,FALSE,1723927,7800725,,0.220995741,Charles E. Schumer,
New York|2016,2016,New York,NY,FALSE,Blank Vote,,FALSE,400943,7800725,,0.051398171,Charles E. Schumer,
New York|2016,2016,New York,NY,FALSE,Wendy Long,conservative,FALSE,267613,7800725,,0.03430617,Charles E. Schumer,
New York|2016,2016,New York,NY,FALSE,Charles E. Schumer,working families,FALSE,241672,7800725,,0.03098071,Charles E. Schumer,Incumbent
New York|2016,2016,New York,NY,FALSE,Charles E. Schumer,independence,FALSE,150655,7800725,,0.019312948,Charles E. Schumer,Incumbent
New York|2016,2016,New York,NY,FALSE,Robin Laverne Wilson,green,FALSE,113413,7800725,,0.014538777,Charles E. Schumer,
New York|2016,2016,New York,NY,FALSE,Alex Merced,libertarian,FALSE,48121,7800725,,0.006168786,Charles E. Schumer,
New York|2016,2016,New York,NY,FALSE,Charles E. Schumer,women's equality,FALSE,45402,7800725,,0.005820228,Charles E. Schumer,Incumbent
New York|2016,2016,New York,NY,FALSE,Wendy Long,reform,FALSE,17813,7800725,,0.002283506,Charles E. Schumer,
New York|2016,2016,New York,NY,FALSE,Void Vote,,FALSE,3474,7800725,,0.000445343,Charles E. Schumer,
New York|2016,2016,New York,NY,FALSE,scatter,,FALSE,3472,7800725,,0.000445087,Charles E. Schumer,
North Carolina|2016,2016,North Carolina,NC,FALSE,Richard Burr,republican,FALSE,2395376,4691133,W,0.510617797,Richard Burr,Incumbent
North Carolina|2016,2016,North Carolina,NC,FALSE,Deborah K. Ross,democrat,FALSE,2128165,4691133,,0.453656931,Richard Burr,
North Carolina|2016,2016,North Carolina,NC,FALSE,Sean Haugh,libertarian,FALSE,167592,4691133,,0.035725271,Richard Burr,
North Dakota|2016,2016,North Dakota,ND,FALSE,John Hoeven,republican,FALSE,268788,342501,W,0.78478019,John Hoeven,Incumbent
North Dakota|2016,2016,North Dakota,ND,FALSE,Eliot Glassheim,democrat,FALSE,58116,342501,,0.169681256,John Hoeven,
North Dakota|2016,2016,North Dakota,ND,FALSE,Robert N. Marquette,libertarian,FALSE,10556,342501,,0.030820348,John Hoeven,
North Dakota|2016,2016,North Dakota,ND,FALSE,James Germalic,independent,FALSE,4675,342501,,0.013649595,John Hoeven,
North Dakota|2016,2016,North Dakota,ND,FALSE,NA,NA,TRUE,366,342501,,0.00106861,John Hoeven,
Ohio|2016,2016,Ohio,OH,FALSE,Rob Portman,republican,FALSE,3118567,5374164,W,0.580288767,Rob Portman,Incumbent
Ohio|2016,2016,Ohio,OH,FALSE,Ted Strickland,democrat,FALSE,1996908,5374164,,0.37157556,Rob Portman,
Ohio|2016,2016,Ohio,OH,FALSE,Tom Connors,none,FALSE,93041,5374164,,0.017312646,Rob Portman,
Ohio|2016,2016,Ohio,OH,FALSE,Joseph R. DeMare,green,FALSE,88246,5374164,,0.016420414,Rob Portman,
Ohio|2016,2016,Ohio,OH,FALSE,Scott Rupert,none,FALSE,77291,5374164,,0.014381958,Rob Portman,
Ohio|2016,2016,Ohio,OH,FALSE,NA,NA,TRUE,111,5374164,,2.06544E-05,Rob Portman,
Oklahoma|2016,2016,Oklahoma,OK,FALSE,James Lankford,republican,FALSE,980892,1448047,W,0.677389615,Thomas A. Coburn,
Oklahoma|2016,2016,Oklahoma,OK,FALSE,Mike Workman,democrat,FALSE,355911,1448047,,0.245786912,Thomas A. Coburn,
Oklahoma|2016,2016,Oklahoma,OK,FALSE,Robert T. Murphy,libertarian,FALSE,43421,1448047,,0.029985905,Thomas A. Coburn,
Oklahoma|2016,2016,Oklahoma,OK,FALSE,Sean Braddy,independent,FALSE,40405,1448047,,0.0279031,Thomas A. Coburn,
Oklahoma|2016,2016,Oklahoma,OK,FALSE,Mark T. Beard,independent,FALSE,27418,1448047,,0.018934468,Thomas A. Coburn,
Oregon|2016,2016,Oregon,OR,FALSE,Ron Wyden,democrat,FALSE,1105119,1952478,W,0.566008426,Ron Wyden,Incumbent
Oregon|2016,2016,Oregon,OR,FALSE,Mark Callahan,republican,FALSE,651106,1952478,,0.333476741,Ron Wyden,
Oregon|2016,2016,Oregon,OR,FALSE,Shanti S. Lewallen,working families,FALSE,61915,1952478,,0.031710985,Ron Wyden,
Oregon|2016,2016,Oregon,OR,FALSE,Steven C. Reynolds,independent,FALSE,59516,1952478,,0.03048229,Ron Wyden,
Oregon|2016,2016,Oregon,OR,FALSE,Eric Navickas,pacific green,FALSE,48823,1952478,,0.025005659,Ron Wyden,
Oregon|2016,2016,Oregon,OR,FALSE,Jim Lindsay,libertarian,FALSE,23941,1952478,,0.012261854,Ron Wyden,
Oregon|2016,2016,Oregon,OR,FALSE,Other,,FALSE,2058,1952478,,0.001054045,Ron Wyden,
Pennsylvania|2016,2016,Pennsylvania,PA,FALSE,Patrick J. Toomey,republican,FALSE,2951702,6051856,W,0.487735002,Pat Toomey,Incumbent
Pennsylvania|2016,2016,Pennsylvania,PA,FALSE,Katie McGinty,democrat,FALSE,2865012,6051856,,0.473410471,Pat Toomey,
Pennsylvania|2016,2016,Pennsylvania,PA,FALSE,Edward T. Clifford III,libertarian,FALSE,235142,6051856,,0.038854527,Pat Toomey,
South Carolina|2016,2016,South Carolina,SC,FALSE,Tim Scott,republican,FALSE,1241609,2049893,W,0.605694541,Jim DeMint,
South Carolina|2016,2016,South Carolina,SC,FALSE,Thomas Dixon,democrat,FALSE,704540,2049893,,0.343695988,Jim DeMint,
South Carolina|2016,2016,South Carolina,SC,FALSE,Thomas Dixon,working families,FALSE,37610,2049893,,0.018347299,Jim DeMint,
South Carolina|2016,2016,South Carolina,SC,FALSE,Bill Bledsoe,libertarian,FALSE,24830,2049893,,0.012112827,Jim DeMint,
South Carolina|2016,2016,South Carolina,SC,FALSE,Thomas Dixon,green,FALSE,14872,2049893,,0.007255013,Jim DeMint,
South Carolina|2016,2016,South Carolina,SC,FALSE,Bill Bledsoe,constitution,FALSE,12652,2049893,,0.006172029,Jim DeMint,
South Carolina|2016,2016,South Carolina,SC,FALSE,Rebel Michael Scarborough,american,FALSE,11923,2049893,,0.005816401,Jim DeMint,
South Carolina|2016,2016,South Carolina,SC,FALSE,NA,NA,TRUE,1857,2049893,,0.000905901,Jim DeMint,
South Dakota|2016,2016,South Dakota,SD,FALSE,John R. Thune,republican,FALSE,265516,369656,W,0.718278616,John Thune,Incumbent
South Dakota|2016,2016,South Dakota,SD,FALSE,Jay Williams,democrat,FALSE,104140,369656,,0.281721384,John Thune,
Utah|2016,2016,Utah,UT,FALSE,Mike Lee,republican,FALSE,760220,1115583,W,0.681455347,Mike Lee,Incumbent
Utah|2016,2016,Utah,UT,FALSE,Misty K. Snow,democrat,FALSE,301858,1115583,,0.270583184,Mike Lee,
Utah|2016,2016,Utah,UT,FALSE,Stoney Fonua,independent american,FALSE,27339,1115583,,0.024506469,Mike Lee,
Utah|2016,2016,Utah,UT,FALSE,Bill Barron,none,FALSE,26166,1115583,,0.023455001,Mike Lee,
Vermont|2016,2016,Vermont,VT,FALSE,Patrick J. Leahy,democrat,FALSE,192243,320467,W,0.599883919,Patrick J. Leahy,Incumbent
Vermont|2016,2016,Vermont,VT,FALSE,Scott Milne,republican,FALSE,103637,320467,,0.323393672,Patrick J. Leahy,
Vermont|2016,2016,Vermont,VT,FALSE,Cris Ericson,united states marijuana,FALSE,9156,320467,,0.028570804,Patrick J. Leahy,
Vermont|2016,2016,Vermont,VT,FALSE,Blank Vote,,FALSE,6192,320467,,0.019321802,Patrick J. Leahy,
Vermont|2016,2016,Vermont,VT,FALSE,Jerry Trudell,independent,FALSE,5223,320467,,0.01629809,Patrick J. Leahy,
Vermont|2016,2016,Vermont,VT,FALSE,Pete Diamondstone,liberty union,FALSE,3241,320467,,0.010113366,Patrick J. Leahy,
Vermont|2016,2016,Vermont,VT,FALSE,Void Vote,,FALSE,466,320467,,0.001454128,Patrick J. Leahy,
Vermont|2016,2016,Vermont,VT,FALSE,NA,NA,TRUE,309,320467,,0.000964218,Patrick J. Leahy,
Washington|2016,2016,Washington,WA,FALSE,Patty Murray,democrat,FALSE,1913979,3243317,W,0.590130104,Patty Murray,Incumbent
Washington|2016,2016,Washington,WA,FALSE,Chris Vance,republican,FALSE,1329338,3243317,,0.409869896,Patty Murray,
Wisconsin|2016,2016,Wisconsin,WI,FALSE,Ron Johnson,republican,FALSE,1479471,2948741,W,0.501729721,Ron Johnson,Incumbent
Wisconsin|2016,2016,Wisconsin,WI,FALSE,Russ Feingold,democrat,FALSE,1380335,2948741,,0.468109949,Ron Johnson,
Wisconsin|2016,2016,Wisconsin,WI,FALSE,Philip N. Anderson,libertarian,FALSE,87531,2948741,,0.029684194,Ron Johnson,
Wisconsin|2016,2016,Wisconsin,WI,FALSE,scatter,,FALSE,1396,2948741,,0.000473422,Ron Johnson,
Wisconsin|2016,2016,Wisconsin,WI,FALSE,NA,NA,TRUE,8,2948741,,2.71302E-06,Ron Johnson,
Arizona|2018,2018,Arizona,AZ,FALSE,Kyrsten Sinema,democrat,FALSE,1191100,2384308,W,0.499557943,Jeff Flake,
Arizona|2018,2018,Arizona,AZ,FALSE,Martha McSally,republican,FALSE,1135200,2384308,,0.476112985,Jeff Flake,
Arizona|2018,2018,Arizona,AZ,FALSE,Angela Green,green,FALSE,57442,2384308,,0.024091686,Jeff Flake,
Arizona|2018,2018,Arizona,AZ,FALSE,NA,NA,TRUE,566,2384308,,0.000237385,Jeff Flake,
California|2018,2018,California,CA,FALSE,Dianne Feinstein,democrat,FALSE,6019422,11113364,W,0.541638157,Dianne Feinstein,Incumbent
California|2018,2018,California,CA,FALSE,Kevin De Leon,democrat,FALSE,5093942,11113364,,0.458361843,Dianne Feinstein,
Connecticut|2018,2018,Connecticut,CT,FALSE,Christopher S Murphy,democrat,FALSE,787685,1386840,W,0.567971071,Christopher S. Murphy,Incumbent
Connecticut|2018,2018,Connecticut,CT,FALSE,Matthew Corey,republican,FALSE,545717,1386840,,0.393496726,Christopher S. Murphy,
Connecticut|2018,2018,Connecticut,CT,FALSE,Christopher S Murphy,working families,FALSE,37894,1386840,,0.027323988,Christopher S. Murphy,Incumbent
Connecticut|2018,2018,Connecticut,CT,FALSE,Richard Lion,libertarian,FALSE,8838,1386840,,0.006372761,Christopher S. Murphy,
Connecticut|2018,2018,Connecticut,CT,FALSE,Jeff Russell,green,FALSE,6618,1386840,,0.004772,Christopher S. Murphy,
Connecticut|2018,2018,Connecticut,CT,FALSE,NA,NA,TRUE,88,1386840,,6.34536E-05,Christopher S. Murphy,
Delaware|2018,2018,Delaware,DE,FALSE,Thomas R Carper,democrat,FALSE,217385,362592,W,0.599530602,Thomas R. Carper,Incumbent
Delaware|2018,2018,Delaware,DE,FALSE,Robert B Arlett,republican,FALSE,137127,362592,,0.378185398,Thomas R. Carper,
Delaware|2018,2018,Delaware,DE,FALSE,Demitri G Theodoropoulos,green,FALSE,4170,362592,,0.01150053,Thomas R. Carper,
Delaware|2018,2018,Delaware,DE,FALSE,Nadine M Frost,libertarian,FALSE,3910,362592,,0.01078347,Thomas R. Carper,
Florida|2018,2018,Florida,FL,FALSE,Rick Scott,republican,FALSE,4099505,8190005,W,0.500549755,Bill Nelson,
Florida|2018,2018,Florida,FL,FALSE,Bill Nelson,democrat,FALSE,4089472,8190005,,0.499324726,Bill Nelson,Incumbent
Florida|2018,2018,Florida,FL,FALSE,NA,NA,TRUE,1028,8190005,,0.000125519,Bill Nelson,
Hawaii|2018,2018,Hawaii,HI,FALSE,Mazie K. Hirono,democrat,FALSE,276316,388351,W,0.711510978,Mazie K. Hirono,Incumbent
Hawaii|2018,2018,Hawaii,HI,FALSE,Ron Curtis,republican,FALSE,112035,388351,,0.288489022,Mazie K. Hirono,
Indiana|2018,2018,Indiana,IN,FALSE,Mike Braun,republican,FALSE,1158000,2282565,W,0.507323997,Joe Donnelly,
Indiana|2018,2018,Indiana,IN,FALSE,Joe Donnelly,democrat,FALSE,1023553,2282565,,0.448422279,Joe Donnelly,Incumbent
Indiana|2018,2018,Indiana,IN,FALSE,Lucy M. Brenton,libertarian,FALSE,100942,2282565,,0.044223056,Joe Donnelly,
Indiana|2018,2018,Indiana,IN,FALSE,NA,NA,TRUE,70,2282565,,3.06673E-05,Joe Donnelly,
Maine|2018,2018,Maine,ME,FALSE,"Angus S. King, Jr.",independent,FALSE,344575,634409,W,0.543143303,Angus King,Incumbent
Maine|2018,2018,Maine,ME,FALSE,Eric L. Brakey,republican,FALSE,223502,634409,,0.352299542,Angus King,
Maine|2018,2018,Maine,ME,FALSE,Zak Ringelstein,democrat,FALSE,66268,634409,,0.104456273,Angus King,
Maine|2018,2018,Maine,ME,FALSE,Others,NA,FALSE,64,634409,,0.000100881,Angus King,
Maryland|2018,2018,Maryland,MD,FALSE,Ben Cardin,democrat,FALSE,1491614,2299889,W,0.648559126,Benjamin L. Cardin,Incumbent
Maryland|2018,2018,Maryland,MD,FALSE,Tony Campbell,republican,FALSE,697017,2299889,,0.303065496,Benjamin L. Cardin,
Maryland|2018,2018,Maryland,MD,FALSE,Neal Simon,unaffiliated,FALSE,85964,2299889,,0.037377456,Benjamin L. Cardin,
Maryland|2018,2018,Maryland,MD,FALSE,Arvin Vohra,libertarian,FALSE,22943,2299889,,0.009975699,Benjamin L. Cardin,
Maryland|2018,2018,Maryland,MD,FALSE,NA,NA,TRUE,2351,2299889,,0.001022223,Benjamin L. Cardin,
Massachusetts|2018,2018,Massachusetts,MA,FALSE,Elizabeth A. Warren,democrat,FALSE,1633371,2707090,W,0.603367823,Elizabeth A. Warren,Incumbent
Massachusetts|2018,2018,Massachusetts,MA,FALSE,Geoff Diehl,republican,FALSE,979210,2707090,,0.361720519,Elizabeth A. Warren,
Massachusetts|2018,2018,Massachusetts,MA,FALSE,Shiva Ayyadurai,unenrolled,FALSE,91710,2707090,,0.033877706,Elizabeth A. Warren,
Massachusetts|2018,2018,Massachusetts,MA,FALSE,Others,NA,FALSE,2799,2707090,,0.001033952,Elizabeth A. Warren,
Michigan|2018,2018,Michigan,MI,FALSE,Debbie Stabenow,democrat,FALSE,2214478,4237271,W,0.522618921,Debbie Stabenow,Incumbent
Michigan|2018,2018,Michigan,MI,FALSE,John James,republican,FALSE,1938818,4237271,,0.457562898,Debbie Stabenow,
Michigan|2018,2018,Michigan,MI,FALSE,Marcia Squier,green,FALSE,40204,4237271,,0.009488182,Debbie Stabenow,
Michigan|2018,2018,Michigan,MI,FALSE,George E. Huffman III,us taxpayers,FALSE,27251,4237271,,0.006431262,Debbie Stabenow,
Michigan|2018,2018,Michigan,MI,FALSE,John Howard Wilhelm,natural law,FALSE,16502,4237271,,0.003894488,Debbie Stabenow,
Michigan|2018,2018,Michigan,MI,FALSE,NA,NA,TRUE,18,4237271,,4.24802E-06,Debbie Stabenow,
Minnesota|2018,2018,Minnesota,MN,FALSE,Amy Klobuchar,democratic-farmer-labor,FALSE,1566174,5184235,W,0.302103203,Amy Klobuchar,Incumbent
Minnesota|2018,2018,Minnesota,MN,TRUE,Tina Smith,democratic-farmer-labor,FALSE,1370540,5184235,,0.264366874,Amy Klobuchar,
Minnesota|2018,2018,Minnesota,MN,TRUE,Karin Housley,republican,FALSE,1095777,5184235,,0.211367154,Amy Klobuchar,
Minnesota|2018,2018,Minnesota,MN,FALSE,Jim Newberger,republican,FALSE,940437,5184235,,0.181403235,Amy Klobuchar,
Minnesota|2018,2018,Minnesota,MN,TRUE,Sarah Wellington,legal marijuana now,FALSE,95614,5184235,,0.018443223,Amy Klobuchar,
Minnesota|2018,2018,Minnesota,MN,FALSE,Dennis Schuller,legal marijuana now,FALSE,66236,5184235,,0.012776427,Amy Klobuchar,
Minnesota|2018,2018,Minnesota,MN,TRUE,Jerry Trooien,unaffiliated,FALSE,24324,5184235,,0.004691917,Amy Klobuchar,
Minnesota|2018,2018,Minnesota,MN,FALSE,Paula M Overby,minnesota green,FALSE,23101,5184235,,0.004456009,Amy Klobuchar,
Minnesota|2018,2018,Minnesota,MN,TRUE,NA,NA,TRUE,1101,5184235,,0.000212375,Amy Klobuchar,
Minnesota|2018,2018,Minnesota,MN,FALSE,NA,NA,TRUE,931,5184235,,0.000179583,Amy Klobuchar,
Mississippi|2018,2018,Mississippi,MS,FALSE,Roger F. Wicker,republican,FALSE,547619,1843803,W,0.297005157,Roger F. Wicker,Incumbent
Mississippi|2018,2018,Mississippi,MS,TRUE,Cindy Hyde-Smith,republican,FALSE,486769,1843803,,0.264002716,Roger F. Wicker,
Mississippi|2018,2018,Mississippi,MS,TRUE,Mike Espy,democrat,FALSE,420819,1843803,,0.228234253,Roger F. Wicker,
Mississippi|2018,2018,Mississippi,MS,FALSE,David Baria,democrat,FALSE,369567,1843803,,0.200437357,Roger F. Wicker,
Mississippi|2018,2018,Mississippi,MS,FALSE,Danny Bedwell,libertarian,FALSE,12981,1843803,,0.00704034,Roger F. Wicker,
Mississippi|2018,2018,Mississippi,MS,FALSE,Shawn O'Hara,reform,FALSE,6048,1843803,,0.003280177,Roger F. Wicker,
Missouri|2018,2018,Missouri,MO,FALSE,Josh Hawley,republican,FALSE,1254927,2442289,W,0.513832311,Claire McCaskill,
Missouri|2018,2018,Missouri,MO,FALSE,Claire McCaskill,democrat,FALSE,1112935,2442289,,0.455693409,Claire McCaskill,Incumbent
Missouri|2018,2018,Missouri,MO,FALSE,Craig O'Dear,independent,FALSE,34398,2442289,,0.014084328,Claire McCaskill,
Missouri|2018,2018,Missouri,MO,FALSE,Japheth Campbell,libertarian,FALSE,27316,2442289,,0.01118459,Claire McCaskill,
Missouri|2018,2018,Missouri,MO,FALSE,Jo Crain,green,FALSE,12706,2442289,,0.005202497,Claire McCaskill,
Missouri|2018,2018,Missouri,MO,FALSE,NA,NA,TRUE,7,2442289,,2.86616E-06,Claire McCaskill,
Montana|2018,2018,Montana,MT,FALSE,Jon Tester,democrat,FALSE,253876,504384,W,0.503338726,Jon Tester,Incumbent
Montana|2018,2018,Montana,MT,FALSE,Matt Rosendale,republican,FALSE,235963,504384,,0.467824118,Jon Tester,
Montana|2018,2018,Montana,MT,FALSE,Rick Breckenridge,libertarian,FALSE,14545,504384,,0.028837156,Jon Tester,
Nebraska|2018,2018,Nebraska,NE,FALSE,Deb Fischer,republican,FALSE,403151,698883,W,0.576850489,Deb Fischer,Incumbent
Nebraska|2018,2018,Nebraska,NE,FALSE,Jane Raybould,democrat,FALSE,269917,698883,,0.386211998,Deb Fischer,
Nebraska|2018,2018,Nebraska,NE,FALSE,Jim Schultz,libertarian,FALSE,25349,698883,,0.036270735,Deb Fischer,
Nebraska|2018,2018,Nebraska,NE,FALSE,NA,NA,TRUE,466,698883,,0.000666778,Deb Fischer,
Nevada|2018,2018,Nevada,NV,FALSE,Jacky Rosen,democrat,FALSE,490071,972132,W,0.504119811,Dean Heller,
Nevada|2018,2018,Nevada,NV,FALSE,Dean Heller,republican,FALSE,441202,972132,,0.453849889,Dean Heller,Incumbent
Nevada|2018,2018,Nevada,NV,FALSE,None of these Candidates,NA,FALSE,15303,972132,,0.015741689,Dean Heller,
Nevada|2018,2018,Nevada,NV,FALSE,Barry Michaels,independent,FALSE,9269,972132,,0.009534713,Dean Heller,
Nevada|2018,2018,Nevada,NV,FALSE,Tim Hagan,libertarian,FALSE,9196,972132,,0.009459621,Dean Heller,
Nevada|2018,2018,Nevada,NV,FALSE,Kamau A. Bakari,independent american,FALSE,7091,972132,,0.007294277,Dean Heller,
New Jersey|2018,2018,New Jersey,NJ,FALSE,Robert Menendez,democrat,FALSE,1711654,3169310,W,0.540071498,Robert Menendez,Incumbent
New Jersey|2018,2018,New Jersey,NJ,FALSE,Bob Hugin,republican,FALSE,1357355,3169310,,0.428280919,Robert Menendez,
New Jersey|2018,2018,New Jersey,NJ,FALSE,Madelyn R. Hoffman,green,FALSE,25150,3169310,,0.007935481,Robert Menendez,
New Jersey|2018,2018,New Jersey,NJ,FALSE,Murray Sabrin,libertarian,FALSE,21212,3169310,,0.006692939,Robert Menendez,
New Jersey|2018,2018,New Jersey,NJ,FALSE,Natalie Lynn Rivera,for the people,FALSE,19897,3169310,,0.006278023,Robert Menendez,
New Jersey|2018,2018,New Jersey,NJ,FALSE,Tricia Flanagan,new day nj,FALSE,16101,3169310,,0.005080286,Robert Menendez,
New Jersey|2018,2018,New Jersey,NJ,FALSE,Kevin Kimple,make it simple,FALSE,9087,3169310,,0.002867186,Robert Menendez,
New Jersey|2018,2018,New Jersey,NJ,FALSE,Hank Schroeder,economic growth,FALSE,8854,3169310,,0.002793668,Robert Menendez,
New Mexico|2018,2018,New Mexico,NM,FALSE,Martin T Heinrich,democrat,FALSE,376998,697012,W,0.540877345,Martin Heinrich,Incumbent
New Mexico|2018,2018,New Mexico,NM,FALSE,Mick Rich,republican,FALSE,212813,697012,,0.30532186,Martin Heinrich,
New Mexico|2018,2018,New Mexico,NM,FALSE,Gary E Johnson,libertarian,FALSE,107201,697012,,0.153800795,Martin Heinrich,
New York|2018,2018,New York,NY,FALSE,Kirsten E. Gillibrand,democrat,FALSE,3755489,6055151,W,0.62021393,Kirsten E. Gillibrand,Incumbent
New York|2018,2018,New York,NY,FALSE,Chele Chiavacci Farley,republican,FALSE,1730439,6055151,,0.285779661,Kirsten E. Gillibrand,
New York|2018,2018,New York,NY,FALSE,Chele Chiavacci Farley,conservative,FALSE,246171,6055151,,0.040654808,Kirsten E. Gillibrand,
New York|2018,2018,New York,NY,FALSE,Kirsten E. Gillibrand,working families,FALSE,160128,6055151,,0.026444923,Kirsten E. Gillibrand,Incumbent
New York|2018,2018,New York,NY,FALSE,Kirsten E. Gillibrand,independence,FALSE,99325,6055151,,0.016403389,Kirsten E. Gillibrand,Incumbent
New York|2018,2018,New York,NY,FALSE,Kirsten E. Gillibrand,women's equality,FALSE,41989,6055151,,0.006934427,Kirsten E. Gillibrand,Incumbent
New York|2018,2018,New York,NY,FALSE,Chele Chiavacci Farley,reform,FALSE,21610,6055151,,0.003568862,Kirsten E. Gillibrand,
North Dakota|2018,2018,North Dakota,ND,FALSE,Kevin Cramer,republican,FALSE,179720,326138,W,0.551055075,Heidi Heitkamp,
North Dakota|2018,2018,North Dakota,ND,FALSE,Heidi Heitkamp,democratic-npl,FALSE,144376,326138,,0.442683772,Heidi Heitkamp,Incumbent
North Dakota|2018,2018,North Dakota,ND,FALSE,NA,NA,TRUE,2042,326138,,0.006261153,Heidi Heitkamp,
Ohio|2018,2018,Ohio,OH,FALSE,Sherrod Brown,democrat,FALSE,2355923,4410898,W,0.534114142,Sherrod Brown,Incumbent
Ohio|2018,2018,Ohio,OH,FALSE,Jim Renacci,republican,FALSE,2053963,4410898,,0.465656426,Sherrod Brown,
Ohio|2018,2018,Ohio,OH,FALSE,NA,NA,TRUE,1012,4410898,,0.000229432,Sherrod Brown,
Pennsylvania|2018,2018,Pennsylvania,PA,FALSE,Robert P Casey Jr,democrat,FALSE,2777680,4994643,W,0.55613184,"Robert P. Casey, Jr.",Incumbent
Pennsylvania|2018,2018,Pennsylvania,PA,FALSE,Louis J. Barletta,republican,FALSE,2134848,4994643,,0.427427546,"Robert P. Casey, Jr.",
Pennsylvania|2018,2018,Pennsylvania,PA,FALSE,Dale R Kerns Jr,libertarian,FALSE,50907,4994643,,0.01019232,"Robert P. Casey, Jr.",
Pennsylvania|2018,2018,Pennsylvania,PA,FALSE,Neal Taylor Gale,green,FALSE,31208,4994643,,0.006248294,"Robert P. Casey, Jr.",
Rhode Island|2018,2018,Rhode Island,RI,FALSE,Sheldon Whitehouse,democrat,FALSE,231477,376738,W,0.614424348,Sheldon Whitehouse,Incumbent
Rhode Island|2018,2018,Rhode Island,RI,FALSE,"Robert G. Flanders, Jr.",republican,FALSE,144421,376738,,0.383345986,Sheldon Whitehouse,
Rhode Island|2018,2018,Rhode Island,RI,FALSE,NA,NA,TRUE,840,376738,,0.002229666,Sheldon Whitehouse,
Tennessee|2018,2018,Tennessee,TN,FALSE,Marsha Blackburn,republican,FALSE,1227483,2243740,W,0.547070071,Bob Corker,
Tennessee|2018,2018,Tennessee,TN,FALSE,Phil Bredesen,democrat,FALSE,985450,2243740,,0.439199729,Bob Corker,
Tennessee|2018,2018,Tennessee,TN,FALSE,Trudy A. Austin,independent,FALSE,9455,2243740,,0.004213946,Bob Corker,
Tennessee|2018,2018,Tennessee,TN,FALSE,Dean Hill,independent,FALSE,8717,2243740,,0.003885031,Bob Corker,
Tennessee|2018,2018,Tennessee,TN,FALSE,Kris L. Todd,independent,FALSE,5084,2243740,,0.00226586,Bob Corker,
Tennessee|2018,2018,Tennessee,TN,FALSE,John Carico,independent,FALSE,3398,2243740,,0.001514436,Bob Corker,
Tennessee|2018,2018,Tennessee,TN,FALSE,Breton Phillips,independent,FALSE,2226,2243740,,0.000992094,Bob Corker,
Tennessee|2018,2018,Tennessee,TN,FALSE,Kevin Lee McCants,independent,FALSE,1927,2243740,,0.000858834,Bob Corker,
Texas|2018,2018,Texas,TX,FALSE,Ted Cruz,republican,FALSE,4260553,8371655,W,0.508926013,Ted Cruz,Incumbent
Texas|2018,2018,Texas,TX,FALSE,Beto O'Rourke,democrat,FALSE,4045632,8371655,,0.48325355,Ted Cruz,
Texas|2018,2018,Texas,TX,FALSE,Neal M. Dikeman,libertarian,FALSE,65470,8371655,,0.007820437,Ted Cruz,
Utah|2018,2018,Utah,UT,FALSE,Mitt Romney,republican,FALSE,665215,1062845,W,0.625881478,Orrin G. Hatch,
Utah|2018,2018,Utah,UT,FALSE,Jenny Wilson,democrat,FALSE,328541,1062845,,0.309114687,Orrin G. Hatch,
Utah|2018,2018,Utah,UT,FALSE,Tim Aalders,constitution,FALSE,28774,1062845,,0.027072621,Orrin G. Hatch,
Utah|2018,2018,Utah,UT,FALSE,Craig R. Bowden,libertarian,FALSE,27607,1062845,,0.025974625,Orrin G. Hatch,
Utah|2018,2018,Utah,UT,FALSE,Reed C. McCandless,independent american,FALSE,12708,1062845,,0.011956588,Orrin G. Hatch,
Vermont|2018,2018,Vermont,VT,FALSE,Bernie Sanders,independent,FALSE,183529,272624,W,0.673194583,Bernard Sanders,Incumbent
Vermont|2018,2018,Vermont,VT,FALSE,Lawrence Zupan,republican,FALSE,74663,272624,,0.273868038,Bernard Sanders,
Vermont|2018,2018,Vermont,VT,FALSE,Brad J. Peacock,independent,FALSE,3787,272624,,0.013890927,Bernard Sanders,
Vermont|2018,2018,Vermont,VT,FALSE,Russell Beste,independent,FALSE,2763,272624,,0.010134838,Bernard Sanders,
Vermont|2018,2018,Vermont,VT,FALSE,Edward S. Gilbert Jr,independent,FALSE,2244,272624,,0.008231117,Bernard Sanders,
Vermont|2018,2018,Vermont,VT,FALSE,Folasade Adeluola,independent,FALSE,1979,272624,,0.007259082,Bernard Sanders,
Vermont|2018,2018,Vermont,VT,FALSE,Jon Svitavsky,independent,FALSE,1280,272624,,0.004695111,Bernard Sanders,
Vermont|2018,2018,Vermont,VT,FALSE,Reid Kane,liberty union,FALSE,1171,272624,,0.004295293,Bernard Sanders,
Vermont|2018,2018,Vermont,VT,FALSE,Bruce Busa,independent,FALSE,914,272624,,0.003352603,Bernard Sanders,
Vermont|2018,2018,Vermont,VT,FALSE,NA,NA,TRUE,294,272624,,0.001078408,Bernard Sanders,
Virginia|2018,2018,Virginia,VA,FALSE,Timothy M. Kaine,democrat,FALSE,1910370,3351373,W,0.570026076,Timothy M. Kaine,Incumbent
Virginia|2018,2018,Virginia,VA,FALSE,Corey A. Stewart,republican,FALSE,1374313,3351373,,0.410074617,Timothy M. Kaine,
Virginia|2018,2018,Virginia,VA,FALSE,Matt J. Waters,libertarian,FALSE,61565,3351373,,0.018370083,Timothy M. Kaine,
Virginia|2018,2018,Virginia,VA,FALSE,NA,NA,TRUE,5125,3351373,,0.001529224,Timothy M. Kaine,
Washington|2018,2018,Washington,WA,FALSE,Maria Cantwell,democrat,FALSE,1803364,3086168,W,0.584337599,Maria Cantwell,Incumbent
Washington|2018,2018,Washington,WA,FALSE,Susan Hutchison,republican,FALSE,1282804,3086168,,0.415662401,Maria Cantwell,
West Virginia|2018,2018,West Virginia,WV,FALSE,Joe Manchin,democrat,FALSE,288808,582911,W,0.49545814,Joe Manchin III,Incumbent
West Virginia|2018,2018,West Virginia,WV,FALSE,Patrick Morrisey,republican,FALSE,269872,582911,,0.462972907,Joe Manchin III,
West Virginia|2018,2018,West Virginia,WV,FALSE,Rusty Hollen,libertarian,FALSE,24231,582911,,0.041568953,Joe Manchin III,
Wisconsin|2018,2018,Wisconsin,WI,FALSE,Tammy Baldwin,democrat,FALSE,1472914,2657841,W,0.554176868,Tammy Baldwin,Incumbent
Wisconsin|2018,2018,Wisconsin,WI,FALSE,Leah Vukmir,republican,FALSE,1184885,2657841,,0.44580733,Tammy Baldwin,
Wisconsin|2018,2018,Wisconsin,WI,FALSE,NA,NA,TRUE,42,2657841,,1.58023E-05,Tammy Baldwin,
Wyoming|2018,2018,Wyoming,WY,FALSE,John Barrasso,republican,FALSE,136210,203420,W,0.669599843,John Barrasso,Incumbent
Wyoming|2018,2018,Wyoming,WY,FALSE,Gary Trauner,democrat,FALSE,61227,203420,,0.300988103,John Barrasso,
Wyoming|2018,2018,Wyoming,WY,FALSE,Joseph Porambo,libertarian,FALSE,5658,203420,,0.027814374,John Barrasso,
Wyoming|2018,2018,Wyoming,WY,FALSE,NA,NA,TRUE,325,203420,,0.00159768,John Barrasso,
